; HEADER_BLOCK_START
; generated by OrcaSlicer 2.4.2 on 2026-07-21 at 15:56:28
; total layer number: 100
; filament_density: 0
; filament_diameter: 1.75
; max_z_height: 20.00
; filament: 1
; HEADER_BLOCK_END

; external perimeters extrusion width = 0.42mm
; perimeters extrusion width = 0.45mm
; infill extrusion width = 0.45mm
; solid infill extrusion width = 0.42mm
; top infill extrusion width = 0.42mm
; first layer extrusion width = 0.50mm

; EXECUTABLE_BLOCK_START
EXCLUDE_OBJECT_DEFINE NAME=f4002d18-e224-45f4-be44-c8ecfbbb1563.stl_id_0_copy_0 CENTER=10,10 POLYGON=[[0,0],[20,0],[20,20],[0,20],[0,0]]
M73 P0 R27
;TYPE:Custom
M140 S0
M104 S0 
START_PRINT EXTRUDER_TEMP=200 BED_TEMP=55
T0
M104 S200
M204 S2000
G1 Z3 F600
M83
G1 X20 Y-1 F30000
M73 P7 R25
G1 Z0.3 F1200
G1 X100 E10  F400
G1 X105 E.3742  F200
M73 P8 R24
G1 X110 E.3742  F800
G1 X115 E.3742  F200
G1 X120 E.3742  F800
G1 X125 E.3742  F200
G91
G1 X1 Z-0.300
G1 X4
G92 E0
G1 Z1 F1200
G90
G21
M83 ; use relative distances for extrusion
; filament start gcode
 
M104 S200

M106 S0
;LAYER_CHANGE
;Z:0.2
;HEIGHT:0.2
;BEFORE_LAYER_CHANGE
;0.2
G92 E0

G1 E-.8 F2400
;_SET_FAN_SPEED_CHANGING_LAYER
SET_VELOCITY_LIMIT ACCEL=1000 ACCEL_TO_DECEL=500
SET_VELOCITY_LIMIT SQUARE_CORNER_VELOCITY=8
SET_VELOCITY_LIMIT ACCEL=8000 ACCEL_TO_DECEL=4000
EXCLUDE_OBJECT_START NAME=f4002d18-e224-45f4-be44-c8ecfbbb1563.stl_id_0_copy_0
G1 X18.643 Y19.143 F24000
G1 Z.6
G1 Z.2
G1 E.8 F2400
SET_VELOCITY_LIMIT ACCEL=1000 ACCEL_TO_DECEL=500
;TYPE:Inner wall
;WIDTH:0.5
G1 F1381.77
G1 X.857 Y19.143 E.64218
G1 X.857 Y.857 E.66023
M73 P9 R24
G1 X19.143 Y.857 E.66023
G1 X19.143 Y19.143 E.66023
G1 X18.683 Y19.143 E.01661
SET_VELOCITY_LIMIT ACCEL=8000 ACCEL_TO_DECEL=4000
G1 X19.6 Y19.6 F24000
SET_VELOCITY_LIMIT ACCEL=1000 ACCEL_TO_DECEL=500
;TYPE:Outer wall
G1 F1381.77
G1 X.4 Y19.6 E.69324
G1 X.4 Y.4 E.69324
G1 X19.6 Y.4 E.69324
G1 X19.6 Y19.56 E.69179
SET_VELOCITY_LIMIT ACCEL=8000 ACCEL_TO_DECEL=4000
G1 E-.8 F2400
;WIPE_START
G1 F1381.77
G1 X17.6 Y19.564
;WIPE_END
G1 X18.207 Y11.956 Z.6 F24000
G1 X19.006 Y1.934 Z.6
G1 Z.2
G1 E.8 F2400
SET_VELOCITY_LIMIT ACCEL=1000 ACCEL_TO_DECEL=500
;TYPE:Bottom surface
;WIDTH:0.507226
G1 F1360.264
G1 X18.272 Y1.2 E.03805
G1 X17.616 Y1.2 E.02408
G1 X18.8 Y2.384 E.06144
G1 X18.8 Y3.041 E.02408
G1 X16.959 Y1.2 E.0955
G1 X16.302 Y1.2 E.02408
G1 X18.8 Y3.698 E.12956
G1 X18.8 Y4.354 E.02408
G1 X15.646 Y1.2 E.16362
G1 X14.989 Y1.2 E.02408
G1 X18.8 Y5.011 E.19768
G1 X18.8 Y5.668 E.02408
G1 X14.332 Y1.2 E.23173
G1 X13.676 Y1.2 E.02408
G1 X18.8 Y6.324 E.26579
G1 X18.8 Y6.981 E.02408
G1 X13.019 Y1.2 E.29985
G1 X12.363 Y1.2 E.02408
G1 X18.8 Y7.637 E.33391
G1 X18.8 Y8.294 E.02408
G1 X11.706 Y1.2 E.36797
G1 X11.049 Y1.2 E.02408
G1 X18.8 Y8.951 E.40203
G1 X18.8 Y9.607 E.02408
G1 X10.393 Y1.2 E.43609
G1 X9.736 Y1.2 E.02408
G1 X18.8 Y10.264 E.47014
G1 X18.8 Y10.921 E.02408
G1 X9.079 Y1.2 E.5042
G1 X8.423 Y1.2 E.02408
G1 X18.8 Y11.577 E.53826
G1 X18.8 Y12.234 E.02408
G1 X7.766 Y1.2 E.57232
G1 X7.11 Y1.2 E.02408
G1 X18.8 Y12.89 E.60638
G1 X18.8 Y13.547 E.02408
G1 X6.453 Y1.2 E.64044
G1 X5.796 Y1.2 E.02408
G1 X18.8 Y14.204 E.6745
G1 X18.8 Y14.86 E.02408
G1 X5.14 Y1.2 E.70855
G1 X4.483 Y1.2 E.02408
M73 P10 R24
G1 X18.8 Y15.517 E.74261
G1 X18.8 Y16.174 E.02408
G1 X3.826 Y1.2 E.77667
G1 X3.17 Y1.2 E.02408
G1 X18.8 Y16.83 E.81073
G1 X18.8 Y17.487 E.02408
G1 X2.513 Y1.2 E.84479
G1 X1.856 Y1.2 E.02408
G1 X18.8 Y18.144 E.87885
G1 X18.8 Y18.8 E.02408
G1 X1.2 Y1.2 E.9129
G1 X1.2 Y1.857 E.02408
G1 X18.143 Y18.8 E.87884
G1 X17.487 Y18.8 E.02408
G1 X1.2 Y2.513 E.84479
G1 X1.2 Y3.17 E.02408
G1 X16.83 Y18.8 E.81073
G1 X16.174 Y18.8 E.02408
G1 X1.2 Y3.826 E.77667
G1 X1.2 Y4.483 E.02408
G1 X15.517 Y18.8 E.74261
G1 X14.86 Y18.8 E.02408
G1 X1.2 Y5.14 E.70855
G1 X1.2 Y5.796 E.02408
G1 X14.204 Y18.8 E.67449
G1 X13.547 Y18.8 E.02408
G1 X1.2 Y6.453 E.64043
G1 X1.2 Y7.11 E.02408
G1 X12.89 Y18.8 E.60638
G1 X12.234 Y18.8 E.02408
G1 X1.2 Y7.766 E.57232
G1 X1.2 Y8.423 E.02408
G1 X11.577 Y18.8 E.53826
G1 X10.921 Y18.8 E.02408
M73 P11 R24
G1 X1.2 Y9.079 E.5042
G1 X1.2 Y9.736 E.02408
G1 X10.264 Y18.8 E.47014
G1 X9.607 Y18.8 E.02408
G1 X1.2 Y10.393 E.43608
G1 X1.2 Y11.049 E.02408
G1 X8.951 Y18.8 E.40202
G1 X8.294 Y18.8 E.02408
G1 X1.2 Y11.706 E.36797
G1 X1.2 Y12.363 E.02408
G1 X7.637 Y18.8 E.33391
G1 X6.981 Y18.8 E.02408
G1 X1.2 Y13.019 E.29985
G1 X1.2 Y13.676 E.02408
G1 X6.324 Y18.8 E.26579
G1 X5.668 Y18.8 E.02408
G1 X1.2 Y14.332 E.23173
G1 X1.2 Y14.989 E.02408
G1 X5.011 Y18.8 E.19767
G1 X4.354 Y18.8 E.02408
G1 X1.2 Y15.646 E.16361
G1 X1.2 Y16.302 E.02408
G1 X3.698 Y18.8 E.12956
G1 X3.041 Y18.8 E.02408
G1 X1.2 Y16.959 E.0955
G1 X1.2 Y17.616 E.02408
G1 X2.384 Y18.8 E.06144
G1 X1.728 Y18.8 E.02408
G1 X.994 Y18.067 E.03805
M106 S140
;LAYER_CHANGE
;Z:0.4
;HEIGHT:0.2
;BEFORE_LAYER_CHANGE
;0.4
G92 E0

G1 E-.8 F2400
;WIPE_START
G1 F1360.264
G1 X1.728 Y18.8
G1 X2.384 Y18.8
G1 X2.168 Y18.584
;WIPE_END
EXCLUDE_OBJECT_END NAME=f4002d18-e224-45f4-be44-c8ecfbbb1563.stl_id_0_copy_0
;_SET_FAN_SPEED_CHANGING_LAYER
SET_VELOCITY_LIMIT ACCEL=8000 ACCEL_TO_DECEL=4000
M140 S55 ; set bed temperature
EXCLUDE_OBJECT_START NAME=f4002d18-e224-45f4-be44-c8ecfbbb1563.stl_id_0_copy_0
G1 X9.792 Y18.954 Z.8 F24000
G1 X18.948 Y19.398 Z.8
G1 Z.4
G1 E.8 F2400
SET_VELOCITY_LIMIT ACCEL=2000 ACCEL_TO_DECEL=1000 SQUARE_CORNER_VELOCITY=6
;TYPE:Inner wall
;WIDTH:0.45
G1 F1551.487
G1 X.602 Y19.398 E.58994
G1 X.602 Y.602 E.60441
G1 X19.398 Y.602 E.60441
G1 X19.398 Y19.398 E.60441
G1 X18.988 Y19.398 E.01318
G1 X19.79 Y19.79 F24000
;TYPE:Outer wall
;WIDTH:0.42
G1 F1674.922
G1 X.21 Y19.79 E.58322
G1 X.21 Y.21 E.58322
M73 P11 R23
G1 X19.79 Y.21 E.58322
G1 X19.79 Y19.75 E.58203
SET_VELOCITY_LIMIT ACCEL=8000 ACCEL_TO_DECEL=4000 SQUARE_CORNER_VELOCITY=8
G1 E-.8 F2400
;WIPE_START
G1 F1674.922
G1 X17.79 Y19.754
;WIPE_END
G1 X17.684 Y19.006 Z.8 F24000
G1 Z.4
G1 E.8 F2400
;TYPE:Internal solid infill
;WIDTH:0.419999
G1 F1674.925
G1 X19.006 Y19.006 E.03938
G1 X19.006 Y17.684 E.03938
G1 X17.712 Y18.978 E.05451
G1 X18.643 Y18.576 F24000
;WIDTH:0.44039
G1 F1588.998
G1 X18.569 Y18.619 E.0027
G1 X18.648 Y18.653 E.00272
G1 X19.234 Y17.188 F24000
;WIDTH:0.419999
G1 F1674.925
G1 X17.358 Y19.065 E.07904
G1 X16.825 Y19.065 E.01588
G1 X19.065 Y16.825 E.09435
G1 X19.065 Y16.292 E.01588
G1 X16.292 Y19.065 E.11682
G1 X15.758 Y19.065 E.01588
G1 X19.065 Y15.758 E.13928
G1 X19.065 Y15.225 E.01588
G1 X15.225 Y19.065 E.16174
G1 X14.692 Y19.065 E.01588
G1 X19.065 Y14.692 E.18421
G1 X19.065 Y14.158 E.01588
G1 X14.158 Y19.065 E.20667
G1 X13.625 Y19.065 E.01588
G1 X19.065 Y13.625 E.22913
G1 X19.065 Y13.092 E.01588
G1 X13.092 Y19.065 E.2516
G1 X12.559 Y19.065 E.01588
G1 X19.065 Y12.559 E.27406
G1 X19.065 Y12.025 E.01588
G1 X12.025 Y19.065 E.29653
G1 X11.492 Y19.065 E.01588
G1 X19.065 Y11.492 E.31899
G1 X19.065 Y10.959 E.01588
G1 X10.959 Y19.065 E.34145
G1 X10.426 Y19.065 E.01588
G1 X19.065 Y10.426 E.36392
G1 X19.065 Y9.892 E.01588
G1 X9.892 Y19.065 E.38638
G1 X9.359 Y19.065 E.01588
M73 P12 R23
G1 X19.065 Y9.359 E.40884
G1 X19.065 Y8.826 E.01588
G1 X8.826 Y19.065 E.43131
G1 X8.293 Y19.065 E.01588
G1 X19.065 Y8.293 E.45377
G1 X19.065 Y7.759 E.01588
G1 X7.759 Y19.065 E.47624
G1 X7.226 Y19.065 E.01588
G1 X19.065 Y7.226 E.4987
G1 X19.065 Y6.693 E.01588
G1 X6.693 Y19.065 E.52116
G1 X6.159 Y19.065 E.01588
G1 X19.065 Y6.159 E.54363
G1 X19.065 Y5.626 E.01588
G1 X5.626 Y19.065 E.56609
G1 X5.093 Y19.065 E.01588
G1 X19.065 Y5.093 E.58855
G1 X19.065 Y4.56 E.01588
G1 X4.56 Y19.065 E.61102
G1 X4.026 Y19.065 E.01588
G1 X19.065 Y4.026 E.63348
G1 X19.065 Y3.493 E.01588
G1 X3.493 Y19.065 E.65595
G1 X2.96 Y19.065 E.01588
G1 X19.065 Y2.96 E.67841
G1 X19.065 Y2.427 E.01588
G1 X2.427 Y19.065 E.70087
G1 X1.893 Y19.065 E.01588
G1 X19.065 Y1.893 E.72334
G1 X19.065 Y1.36 E.01588
G1 X1.36 Y19.065 E.7458
G1 X.935 Y19.065 E.01265
G1 X.935 Y18.956 E.00324
G1 X18.956 Y.935 E.75911
G1 X18.423 Y.935 E.01588
G1 X.935 Y18.423 E.73665
G1 X.935 Y17.889 E.01588
G1 X17.89 Y.935 E.71419
G1 X17.356 Y.935 E.01588
G1 X.935 Y17.356 E.69172
G1 X.935 Y16.823 E.01588
G1 X16.823 Y.935 E.66926
G1 X16.29 Y.935 E.01588
G1 X.935 Y16.29 E.64679
G1 X.935 Y15.756 E.01588
M73 P13 R23
G1 X15.756 Y.935 E.62433
G1 X15.223 Y.935 E.01588
G1 X.935 Y15.223 E.60187
G1 X.935 Y14.69 E.01588
G1 X14.69 Y.935 E.5794
G1 X14.157 Y.935 E.01588
G1 X.935 Y14.157 E.55694
G1 X.935 Y13.623 E.01588
G1 X13.623 Y.935 E.53448
G1 X13.09 Y.935 E.01588
G1 X.935 Y13.09 E.51201
G1 X.935 Y12.557 E.01588
G1 X12.557 Y.935 E.48955
G1 X12.024 Y.935 E.01588
G1 X.935 Y12.024 E.46708
G1 X.935 Y11.49 E.01588
G1 X11.49 Y.935 E.44462
G1 X10.957 Y.935 E.01588
G1 X.935 Y10.957 E.42216
G1 X.935 Y10.424 E.01588
G1 X10.424 Y.935 E.39969
G1 X9.89 Y.935 E.01588
G1 X.935 Y9.89 E.37723
G1 X.935 Y9.357 E.01588
G1 X9.357 Y.935 E.35477
G1 X8.824 Y.935 E.01588
G1 X.935 Y8.824 E.3323
G1 X.935 Y8.291 E.01588
G1 X8.291 Y.935 E.30984
G1 X7.757 Y.935 E.01588
G1 X.935 Y7.757 E.28737
G1 X.935 Y7.224 E.01588
G1 X7.224 Y.935 E.26491
G1 X6.691 Y.935 E.01588
G1 X.935 Y6.691 E.24245
G1 X.935 Y6.158 E.01588
G1 X6.158 Y.935 E.21998
G1 X5.624 Y.935 E.01588
G1 X.935 Y5.624 E.19752
G1 X.935 Y5.091 E.01588
G1 X5.091 Y.935 E.17506
G1 X4.558 Y.935 E.01588
G1 X.935 Y4.558 E.15259
G1 X.935 Y4.024 E.01588
G1 X4.024 Y.935 E.13013
G1 X3.491 Y.935 E.01588
G1 X.935 Y3.491 E.10766
G1 X.935 Y2.958 E.01588
G1 X2.958 Y.935 E.0852
G1 X2.425 Y.935 E.01588
G1 X.935 Y2.425 E.06274
G1 X.935 Y1.891 E.01588
G1 X2.061 Y.766 E.04742
G1 X1.488 Y.806 F24000
;TYPE:Gap infill
;WIDTH:0.419969
G1 F1675.057
G1 X.806 Y1.488 E.02874
G1 X1.03 Y.962 F24000
;TYPE:Internal solid infill
;WIDTH:0.442592
G1 F1580.243
G1 X.955 Y1.005 E.00273
G1 X1.035 Y1.04 E.00275
;LAYER_CHANGE
;Z:0.6
;HEIGHT:0.2
;BEFORE_LAYER_CHANGE
;0.6
G92 E0

G1 E-.8 F2400
;WIPE_START
G1 F1580.243
G1 X.955 Y1.005
G1 X1.03 Y.962
;WIPE_END
EXCLUDE_OBJECT_END NAME=f4002d18-e224-45f4-be44-c8ecfbbb1563.stl_id_0_copy_0
;_SET_FAN_SPEED_CHANGING_LAYER
EXCLUDE_OBJECT_START NAME=f4002d18-e224-45f4-be44-c8ecfbbb1563.stl_id_0_copy_0
G1 X6.35 Y6.436 Z1 F24000
G1 X18.948 Y19.398 Z1
G1 Z.6
G1 E.8 F2400
SET_VELOCITY_LIMIT ACCEL=2000 ACCEL_TO_DECEL=1000 SQUARE_CORNER_VELOCITY=6
;TYPE:Inner wall
;WIDTH:0.45
G1 F1551.487
G1 X.602 Y19.398 E.58994
G1 X.602 Y.602 E.60441
G1 X19.398 Y.602 E.60441
G1 X19.398 Y19.398 E.60441
G1 X18.988 Y19.398 E.01318
G1 X19.79 Y19.79 F24000
;TYPE:Outer wall
;WIDTH:0.42
G1 F1674.922
G1 X.21 Y19.79 E.58322
G1 X.21 Y.21 E.58322
G1 X19.79 Y.21 E.58322
M73 P14 R23
G1 X19.79 Y19.75 E.58203
SET_VELOCITY_LIMIT ACCEL=8000 ACCEL_TO_DECEL=4000 SQUARE_CORNER_VELOCITY=8
G1 E-.8 F2400
;WIPE_START
G1 F1674.922
G1 X17.79 Y19.754
;WIPE_END
G1 X18.438 Y12.149 Z1 F24000
G1 X19.234 Y2.812 Z1
G1 Z.6
G1 E.8 F2400
;TYPE:Internal solid infill
;WIDTH:0.419999
G1 F1674.925
G1 X17.358 Y.935 E.07904
G1 X16.825 Y.935 E.01588
G1 X19.065 Y3.175 E.09435
G1 X19.065 Y3.708 E.01588
G1 X16.292 Y.935 E.11682
G1 X15.758 Y.935 E.01588
G1 X19.065 Y4.242 E.13928
G1 X19.065 Y4.775 E.01588
G1 X15.225 Y.935 E.16174
G1 X14.692 Y.935 E.01588
G1 X19.065 Y5.308 E.18421
G1 X19.065 Y5.842 E.01588
G1 X14.158 Y.935 E.20667
G1 X13.625 Y.935 E.01588
G1 X19.065 Y6.375 E.22913
G1 X19.065 Y6.908 E.01588
G1 X13.092 Y.935 E.2516
G1 X12.559 Y.935 E.01588
G1 X19.065 Y7.441 E.27406
G1 X19.065 Y7.975 E.01588
G1 X12.025 Y.935 E.29653
G1 X11.492 Y.935 E.01588
G1 X19.065 Y8.508 E.31899
G1 X19.065 Y9.041 E.01588
G1 X10.959 Y.935 E.34145
G1 X10.426 Y.935 E.01588
G1 X19.065 Y9.574 E.36392
G1 X19.065 Y10.108 E.01588
G1 X9.892 Y.935 E.38638
G1 X9.359 Y.935 E.01588
G1 X19.065 Y10.641 E.40884
G1 X19.065 Y11.174 E.01588
G1 X8.826 Y.935 E.43131
G1 X8.293 Y.935 E.01588
G1 X19.065 Y11.707 E.45377
G1 X19.065 Y12.241 E.01588
G1 X7.759 Y.935 E.47624
G1 X7.226 Y.935 E.01588
G1 X19.065 Y12.774 E.4987
G1 X19.065 Y13.307 E.01588
G1 X6.693 Y.935 E.52116
G1 X6.159 Y.935 E.01588
G1 X19.065 Y13.841 E.54363
G1 X19.065 Y14.374 E.01588
G1 X5.626 Y.935 E.56609
G1 X5.093 Y.935 E.01588
G1 X19.065 Y14.907 E.58855
G1 X19.065 Y15.44 E.01588
G1 X4.56 Y.935 E.61102
G1 X4.026 Y.935 E.01588
G1 X19.065 Y15.974 E.63348
G1 X19.065 Y16.507 E.01588
G1 X3.493 Y.935 E.65595
G1 X2.96 Y.935 E.01588
G1 X19.065 Y17.04 E.67841
G1 X19.065 Y17.573 E.01588
G1 X2.427 Y.935 E.70087
G1 X1.893 Y.935 E.01588
G1 X19.065 Y18.107 E.72334
M73 P15 R23
G1 X19.065 Y18.64 E.01588
G1 X1.36 Y.935 E.7458
G1 X.935 Y.935 E.01265
G1 X.935 Y1.044 E.00324
G1 X18.956 Y19.065 E.75911
G1 X18.423 Y19.065 E.01588
G1 X.935 Y1.577 E.73665
G1 X.935 Y2.111 E.01588
G1 X17.889 Y19.065 E.71419
G1 X17.356 Y19.065 E.01588
M73 P15 R22
G1 X.935 Y2.644 E.69172
G1 X.935 Y3.177 E.01588
G1 X16.823 Y19.065 E.66926
G1 X16.29 Y19.065 E.01588
G1 X.935 Y3.71 E.64679
G1 X.935 Y4.244 E.01588
G1 X15.756 Y19.065 E.62433
G1 X15.223 Y19.065 E.01588
G1 X.935 Y4.777 E.60187
G1 X.935 Y5.31 E.01588
G1 X14.69 Y19.065 E.5794
G1 X14.157 Y19.065 E.01588
G1 X.935 Y5.843 E.55694
G1 X.935 Y6.377 E.01588
G1 X13.623 Y19.065 E.53448
G1 X13.09 Y19.065 E.01588
G1 X.935 Y6.91 E.51201
G1 X.935 Y7.443 E.01588
G1 X12.557 Y19.065 E.48955
G1 X12.024 Y19.065 E.01588
G1 X.935 Y7.976 E.46708
G1 X.935 Y8.51 E.01588
G1 X11.49 Y19.065 E.44462
G1 X10.957 Y19.065 E.01588
G1 X.935 Y9.043 E.42216
G1 X.935 Y9.576 E.01588
G1 X10.424 Y19.065 E.39969
G1 X9.89 Y19.065 E.01588
G1 X.935 Y10.11 E.37723
G1 X.935 Y10.643 E.01588
G1 X9.357 Y19.065 E.35477
G1 X8.824 Y19.065 E.01588
G1 X.935 Y11.176 E.3323
G1 X.935 Y11.709 E.01588
G1 X8.291 Y19.065 E.30984
G1 X7.757 Y19.065 E.01588
G1 X.935 Y12.243 E.28737
G1 X.935 Y12.776 E.01588
G1 X7.224 Y19.065 E.26491
G1 X6.691 Y19.065 E.01588
M73 P16 R22
G1 X.935 Y13.309 E.24245
G1 X.935 Y13.842 E.01588
G1 X6.158 Y19.065 E.21998
G1 X5.624 Y19.065 E.01588
G1 X.935 Y14.376 E.19752
G1 X.935 Y14.909 E.01588
G1 X5.091 Y19.065 E.17506
G1 X4.558 Y19.065 E.01588
G1 X.935 Y15.442 E.15259
G1 X.935 Y15.976 E.01588
G1 X4.024 Y19.065 E.13013
G1 X3.491 Y19.065 E.01588
G1 X.935 Y16.509 E.10766
G1 X.935 Y17.042 E.01588
G1 X2.958 Y19.065 E.0852
G1 X2.425 Y19.065 E.01588
G1 X.935 Y17.575 E.06274
G1 X.935 Y18.109 E.01588
G1 X2.061 Y19.234 E.04742
G1 X1.488 Y19.194 F24000
;TYPE:Gap infill
;WIDTH:0.419971
G1 F1675.052
G1 X.806 Y18.512 E.02874
G1 X1.03 Y18.951 F24000
;TYPE:Internal solid infill
;WIDTH:0.442592
G1 F1580.243
G1 X.955 Y18.995 E.00273
G1 X1.035 Y19.029 E.00275
G1 X17.684 Y.994 F24000
;WIDTH:0.419999
G1 F1674.925
G1 X19.006 Y2.316 E.0557
G1 X19.006 Y.994 E.03938
G1 X17.724 Y.994 E.03819
G1 X18.643 Y1.338 F24000
;WIDTH:0.44039
G1 F1588.998
G1 X18.569 Y1.381 E.0027
G1 X18.648 Y1.416 E.00272
M106 S252
;LAYER_CHANGE
;Z:0.8
;HEIGHT:0.2
;BEFORE_LAYER_CHANGE
;0.8
G92 E0

G1 E-.8 F2400
;WIPE_START
G1 F1588.998
G1 X18.569 Y1.381
G1 X18.643 Y1.338
;WIPE_END
EXCLUDE_OBJECT_END NAME=f4002d18-e224-45f4-be44-c8ecfbbb1563.stl_id_0_copy_0
;_SET_FAN_SPEED_CHANGING_LAYER
EXCLUDE_OBJECT_START NAME=f4002d18-e224-45f4-be44-c8ecfbbb1563.stl_id_0_copy_0
G1 X18.772 Y8.97 Z1.2 F24000
G1 X18.948 Y19.398 Z1.2
G1 Z.8
G1 E.8 F2400
SET_VELOCITY_LIMIT ACCEL=2000 ACCEL_TO_DECEL=1000 SQUARE_CORNER_VELOCITY=6
;TYPE:Inner wall
;WIDTH:0.45
G1 F1551.487
G1 X.602 Y19.398 E.58994
G1 X.602 Y.602 E.60441
G1 X19.398 Y.602 E.60441
G1 X19.398 Y19.398 E.60441
G1 X18.988 Y19.398 E.01318
G1 X19.79 Y19.79 F24000
;TYPE:Outer wall
;WIDTH:0.42
G1 F1674.922
G1 X.21 Y19.79 E.58322
G1 X.21 Y.21 E.58322
G1 X19.79 Y.21 E.58322
G1 X19.79 Y19.75 E.58203
SET_VELOCITY_LIMIT ACCEL=8000 ACCEL_TO_DECEL=4000 SQUARE_CORNER_VELOCITY=8
G1 E-.8 F2400
;WIPE_START
G1 F1674.922
G1 X17.79 Y19.754
;WIPE_END
G1 X18.454 Y12.151 Z1.2 F24000
G1 X19.05 Y5.326 Z1.2
G1 Z.8
G1 E.8 F2400
;TYPE:Sparse infill
;WIDTH:0.45
G1 F1551.487
G1 X19.05 Y3.698 E.05236
G1 X16.302 Y.95 E.12494
G1 X19.05 Y.95 E.08835
G1 X.95 Y19.05 E.82308
G1 X.95 Y16.302 E.08835
G1 X3.698 Y19.05 E.12494
G1 X8.626 Y19.05 E.15849
G1 X19.05 Y8.626 E.47401
G1 X19.05 Y11.374 E.08835
G1 X8.626 Y.95 E.47401
G1 X11.374 Y.95 E.08835
G1 X.95 Y11.374 E.47401
G1 X.95 Y8.626 E.08835
G1 X11.374 Y19.05 E.47401
G1 X16.302 Y19.05 E.15849
G1 X19.05 Y16.302 E.12494
G1 X19.05 Y19.05 E.08835
G1 X.95 Y.95 E.82308
G1 X.95 Y3.698 E.08835
G1 X3.698 Y.95 E.12494
G1 X5.326 Y.95 E.05236
;LAYER_CHANGE
;Z:1
;HEIGHT:0.2
;BEFORE_LAYER_CHANGE
;1
G92 E0

G1 E-.8 F2400
;WIPE_START
G1 F1551.487
G1 X3.698 Y.95
G1 X3.435 Y1.213
;WIPE_END
EXCLUDE_OBJECT_END NAME=f4002d18-e224-45f4-be44-c8ecfbbb1563.stl_id_0_copy_0
;_SET_FAN_SPEED_CHANGING_LAYER
EXCLUDE_OBJECT_START NAME=f4002d18-e224-45f4-be44-c8ecfbbb1563.stl_id_0_copy_0
G1 X8.388 Y7.02 Z1.4 F24000
G1 X18.948 Y19.398 Z1.4
G1 Z1
G1 E.8 F2400
SET_VELOCITY_LIMIT ACCEL=2000 ACCEL_TO_DECEL=1000 SQUARE_CORNER_VELOCITY=6
;TYPE:Inner wall
G1 F1551.487
G1 X.602 Y19.398 E.58994
G1 X.602 Y.602 E.60441
G1 X19.398 Y.602 E.60441
M73 P17 R22
G1 X19.398 Y19.398 E.60441
G1 X18.988 Y19.398 E.01318
G1 X19.79 Y19.79 F24000
;TYPE:Outer wall
;WIDTH:0.42
G1 F1674.922
G1 X.21 Y19.79 E.58322
G1 X.21 Y.21 E.58322
G1 X19.79 Y.21 E.58322
G1 X19.79 Y19.75 E.58203
SET_VELOCITY_LIMIT ACCEL=8000 ACCEL_TO_DECEL=4000 SQUARE_CORNER_VELOCITY=8
G1 E-.8 F2400
;WIPE_START
G1 F1674.922
G1 X17.79 Y19.754
;WIPE_END
G1 X13.573 Y13.392 Z1.4 F24000
G1 X5.326 Y.95 Z1.4
G1 Z1
G1 E.8 F2400
;TYPE:Sparse infill
;WIDTH:0.45
G1 F1551.487
G1 X3.698 Y.95 E.05236
G1 X.95 Y3.698 E.12494
G1 X.95 Y.95 E.08835
G1 X19.05 Y19.05 E.82308
G1 X19.05 Y16.302 E.08835
G1 X16.302 Y19.05 E.12494
G1 X11.374 Y19.05 E.15849
G1 X.95 Y8.626 E.47401
G1 X.95 Y11.374 E.08835
G1 X11.374 Y.95 E.47401
G1 X8.626 Y.95 E.08835
G1 X19.05 Y11.374 E.47401
G1 X19.05 Y8.626 E.08835
G1 X8.626 Y19.05 E.47401
G1 X3.698 Y19.05 E.15849
G1 X.95 Y16.302 E.12494
G1 X.95 Y19.05 E.08835
G1 X19.05 Y.95 E.82308
G1 X16.302 Y.95 E.08835
G1 X19.05 Y3.698 E.12494
G1 X19.05 Y5.326 E.05236
;LAYER_CHANGE
;Z:1.2
;HEIGHT:0.2
;BEFORE_LAYER_CHANGE
;1.2
G92 E0

G1 E-.8 F2400
;WIPE_START
G1 F1551.487
G1 X19.05 Y3.698
G1 X18.787 Y3.435
;WIPE_END
EXCLUDE_OBJECT_END NAME=f4002d18-e224-45f4-be44-c8ecfbbb1563.stl_id_0_copy_0
;_SET_FAN_SPEED_CHANGING_LAYER
EXCLUDE_OBJECT_START NAME=f4002d18-e224-45f4-be44-c8ecfbbb1563.stl_id_0_copy_0
G1 X18.864 Y11.067 Z1.6 F24000
G1 X18.948 Y19.398 Z1.6
G1 Z1.2
G1 E.8 F2400
SET_VELOCITY_LIMIT ACCEL=2000 ACCEL_TO_DECEL=1000 SQUARE_CORNER_VELOCITY=6
;TYPE:Inner wall
G1 F1551.487
G1 X.602 Y19.398 E.58994
G1 X.602 Y.602 E.60441
G1 X19.398 Y.602 E.60441
G1 X19.398 Y19.398 E.60441
G1 X18.988 Y19.398 E.01318
G1 X19.79 Y19.79 F24000
;TYPE:Outer wall
;WIDTH:0.42
G1 F1674.922
G1 X.21 Y19.79 E.58322
G1 X.21 Y.21 E.58322
G1 X19.79 Y.21 E.58322
G1 X19.79 Y19.75 E.58203
M73 P18 R22
SET_VELOCITY_LIMIT ACCEL=8000 ACCEL_TO_DECEL=4000 SQUARE_CORNER_VELOCITY=8
G1 E-.8 F2400
;WIPE_START
G1 F1674.922
G1 X17.79 Y19.754
;WIPE_END
G1 X18.454 Y12.151 Z1.6 F24000
G1 X19.05 Y5.326 Z1.6
G1 Z1.2
G1 E.8 F2400
;TYPE:Sparse infill
;WIDTH:0.45
G1 F1551.487
G1 X19.05 Y3.698 E.05236
G1 X16.302 Y.95 E.12494
G1 X19.05 Y.95 E.08835
G1 X.95 Y19.05 E.82308
G1 X.95 Y16.302 E.08835
G1 X3.698 Y19.05 E.12494
G1 X8.626 Y19.05 E.15849
G1 X19.05 Y8.626 E.47401
G1 X19.05 Y11.374 E.08835
G1 X8.626 Y.95 E.47401
G1 X11.374 Y.95 E.08835
G1 X.95 Y11.374 E.47401
G1 X.95 Y8.626 E.08835
G1 X11.374 Y19.05 E.47401
G1 X16.302 Y19.05 E.15849
G1 X19.05 Y16.302 E.12494
G1 X19.05 Y19.05 E.08835
G1 X.95 Y.95 E.82308
G1 X.95 Y3.698 E.08835
G1 X3.698 Y.95 E.12494
G1 X5.326 Y.95 E.05236
;LAYER_CHANGE
;Z:1.4
;HEIGHT:0.2
;BEFORE_LAYER_CHANGE
;1.4
G92 E0

G1 E-.8 F2400
;WIPE_START
G1 F1551.487
G1 X3.698 Y.95
G1 X3.435 Y1.213
;WIPE_END
EXCLUDE_OBJECT_END NAME=f4002d18-e224-45f4-be44-c8ecfbbb1563.stl_id_0_copy_0
;_SET_FAN_SPEED_CHANGING_LAYER
EXCLUDE_OBJECT_START NAME=f4002d18-e224-45f4-be44-c8ecfbbb1563.stl_id_0_copy_0
G1 X8.388 Y7.02 Z1.8 F24000
G1 X18.948 Y19.398 Z1.8
G1 Z1.4
G1 E.8 F2400
SET_VELOCITY_LIMIT ACCEL=2000 ACCEL_TO_DECEL=1000 SQUARE_CORNER_VELOCITY=6
;TYPE:Inner wall
G1 F1551.487
G1 X.602 Y19.398 E.58994
G1 X.602 Y.602 E.60441
G1 X19.398 Y.602 E.60441
G1 X19.398 Y19.398 E.60441
G1 X18.988 Y19.398 E.01318
G1 X19.79 Y19.79 F24000
;TYPE:Outer wall
;WIDTH:0.42
G1 F1674.922
G1 X.21 Y19.79 E.58322
G1 X.21 Y.21 E.58322
G1 X19.79 Y.21 E.58322
G1 X19.79 Y19.75 E.58203
SET_VELOCITY_LIMIT ACCEL=8000 ACCEL_TO_DECEL=4000 SQUARE_CORNER_VELOCITY=8
G1 E-.8 F2400
;WIPE_START
G1 F1674.922
G1 X17.79 Y19.754
;WIPE_END
G1 X13.573 Y13.392 Z1.8 F24000
G1 X5.326 Y.95 Z1.8
G1 Z1.4
G1 E.8 F2400
;TYPE:Sparse infill
;WIDTH:0.45
G1 F1551.487
G1 X3.698 Y.95 E.05236
G1 X.95 Y3.698 E.12494
G1 X.95 Y.95 E.08835
G1 X19.05 Y19.05 E.82308
G1 X19.05 Y16.302 E.08835
G1 X16.302 Y19.05 E.12494
M73 P18 R21
G1 X11.374 Y19.05 E.15849
G1 X.95 Y8.626 E.47401
G1 X.95 Y11.374 E.08835
G1 X11.374 Y.95 E.47401
M73 P19 R21
G1 X8.626 Y.95 E.08835
G1 X19.05 Y11.374 E.47401
G1 X19.05 Y8.626 E.08835
G1 X8.626 Y19.05 E.47401
G1 X3.698 Y19.05 E.15849
G1 X.95 Y16.302 E.12494
G1 X.95 Y19.05 E.08835
G1 X19.05 Y.95 E.82308
G1 X16.302 Y.95 E.08835
G1 X19.05 Y3.698 E.12494
G1 X19.05 Y5.326 E.05236
;LAYER_CHANGE
;Z:1.6
;HEIGHT:0.2
;BEFORE_LAYER_CHANGE
;1.6
G92 E0

G1 E-.8 F2400
;WIPE_START
G1 F1551.487
G1 X19.05 Y3.698
G1 X18.787 Y3.435
;WIPE_END
EXCLUDE_OBJECT_END NAME=f4002d18-e224-45f4-be44-c8ecfbbb1563.stl_id_0_copy_0
;_SET_FAN_SPEED_CHANGING_LAYER
EXCLUDE_OBJECT_START NAME=f4002d18-e224-45f4-be44-c8ecfbbb1563.stl_id_0_copy_0
G1 X18.864 Y11.067 Z2 F24000
G1 X18.948 Y19.398 Z2
G1 Z1.6
G1 E.8 F2400
SET_VELOCITY_LIMIT ACCEL=2000 ACCEL_TO_DECEL=1000 SQUARE_CORNER_VELOCITY=6
;TYPE:Inner wall
G1 F1551.487
G1 X.602 Y19.398 E.58994
G1 X.602 Y.602 E.60441
G1 X19.398 Y.602 E.60441
G1 X19.398 Y19.398 E.60441
G1 X18.988 Y19.398 E.01318
G1 X19.79 Y19.79 F24000
;TYPE:Outer wall
;WIDTH:0.42
G1 F1674.922
G1 X.21 Y19.79 E.58322
G1 X.21 Y.21 E.58322
G1 X19.79 Y.21 E.58322
G1 X19.79 Y19.75 E.58203
SET_VELOCITY_LIMIT ACCEL=8000 ACCEL_TO_DECEL=4000 SQUARE_CORNER_VELOCITY=8
G1 E-.8 F2400
;WIPE_START
G1 F1674.922
G1 X17.79 Y19.754
;WIPE_END
G1 X18.454 Y12.151 Z2 F24000
G1 X19.05 Y5.326 Z2
G1 Z1.6
G1 E.8 F2400
;TYPE:Sparse infill
;WIDTH:0.45
G1 F1551.487
G1 X19.05 Y3.698 E.05236
G1 X16.302 Y.95 E.12494
G1 X19.05 Y.95 E.08835
G1 X.95 Y19.05 E.82308
G1 X.95 Y16.302 E.08835
G1 X3.698 Y19.05 E.12494
G1 X8.626 Y19.05 E.15849
G1 X19.05 Y8.626 E.47401
G1 X19.05 Y11.374 E.08835
G1 X8.626 Y.95 E.47401
G1 X11.374 Y.95 E.08835
G1 X.95 Y11.374 E.47401
G1 X.95 Y8.626 E.08835
G1 X11.374 Y19.05 E.47401
G1 X16.302 Y19.05 E.15849
G1 X19.05 Y16.302 E.12494
G1 X19.05 Y19.05 E.08835
G1 X.95 Y.95 E.82308
G1 X.95 Y3.698 E.08835
G1 X3.698 Y.95 E.12494
G1 X5.326 Y.95 E.05236
;LAYER_CHANGE
;Z:1.8
;HEIGHT:0.2
;BEFORE_LAYER_CHANGE
;1.8
G92 E0

G1 E-.8 F2400
;WIPE_START
G1 F1551.487
G1 X3.698 Y.95
G1 X3.435 Y1.213
M73 P20 R21
;WIPE_END
EXCLUDE_OBJECT_END NAME=f4002d18-e224-45f4-be44-c8ecfbbb1563.stl_id_0_copy_0
;_SET_FAN_SPEED_CHANGING_LAYER
EXCLUDE_OBJECT_START NAME=f4002d18-e224-45f4-be44-c8ecfbbb1563.stl_id_0_copy_0
G1 X8.388 Y7.02 Z2.2 F24000
G1 X18.948 Y19.398 Z2.2
G1 Z1.8
G1 E.8 F2400
SET_VELOCITY_LIMIT ACCEL=2000 ACCEL_TO_DECEL=1000 SQUARE_CORNER_VELOCITY=6
;TYPE:Inner wall
G1 F1551.487
G1 X.602 Y19.398 E.58994
G1 X.602 Y.602 E.60441
G1 X19.398 Y.602 E.60441
G1 X19.398 Y19.398 E.60441
G1 X18.988 Y19.398 E.01318
G1 X19.79 Y19.79 F24000
;TYPE:Outer wall
;WIDTH:0.42
G1 F1674.922
G1 X.21 Y19.79 E.58322
G1 X.21 Y.21 E.58322
G1 X19.79 Y.21 E.58322
G1 X19.79 Y19.75 E.58203
SET_VELOCITY_LIMIT ACCEL=8000 ACCEL_TO_DECEL=4000 SQUARE_CORNER_VELOCITY=8
G1 E-.8 F2400
;WIPE_START
G1 F1674.922
G1 X17.79 Y19.754
;WIPE_END
G1 X13.573 Y13.392 Z2.2 F24000
G1 X5.326 Y.95 Z2.2
G1 Z1.8
G1 E.8 F2400
;TYPE:Sparse infill
;WIDTH:0.45
G1 F1551.487
G1 X3.698 Y.95 E.05236
G1 X.95 Y3.698 E.12494
G1 X.95 Y.95 E.08835
G1 X19.05 Y19.05 E.82308
G1 X19.05 Y16.302 E.08835
G1 X16.302 Y19.05 E.12494
G1 X11.374 Y19.05 E.15849
G1 X.95 Y8.626 E.47401
G1 X.95 Y11.374 E.08835
G1 X11.374 Y.95 E.47401
G1 X8.626 Y.95 E.08835
G1 X19.05 Y11.374 E.47401
G1 X19.05 Y8.626 E.08835
G1 X8.626 Y19.05 E.47401
G1 X3.698 Y19.05 E.15849
G1 X.95 Y16.302 E.12494
G1 X.95 Y19.05 E.08835
G1 X19.05 Y.95 E.82308
G1 X16.302 Y.95 E.08835
G1 X19.05 Y3.698 E.12494
G1 X19.05 Y5.326 E.05236
;LAYER_CHANGE
;Z:2
;HEIGHT:0.2
;BEFORE_LAYER_CHANGE
;2
G92 E0

G1 E-.8 F2400
;WIPE_START
G1 F1551.487
G1 X19.05 Y3.698
G1 X18.787 Y3.435
;WIPE_END
EXCLUDE_OBJECT_END NAME=f4002d18-e224-45f4-be44-c8ecfbbb1563.stl_id_0_copy_0
;_SET_FAN_SPEED_CHANGING_LAYER
EXCLUDE_OBJECT_START NAME=f4002d18-e224-45f4-be44-c8ecfbbb1563.stl_id_0_copy_0
G1 X18.864 Y11.067 Z2.4 F24000
G1 X18.948 Y19.398 Z2.4
G1 Z2
G1 E.8 F2400
SET_VELOCITY_LIMIT ACCEL=2000 ACCEL_TO_DECEL=1000 SQUARE_CORNER_VELOCITY=6
;TYPE:Inner wall
G1 F1551.487
G1 X.602 Y19.398 E.58994
G1 X.602 Y.602 E.60441
G1 X19.398 Y.602 E.60441
G1 X19.398 Y19.398 E.60441
G1 X18.988 Y19.398 E.01318
G1 X19.79 Y19.79 F24000
;TYPE:Outer wall
;WIDTH:0.42
G1 F1674.922
G1 X.21 Y19.79 E.58322
G1 X.21 Y.21 E.58322
M73 P21 R21
G1 X19.79 Y.21 E.58322
G1 X19.79 Y19.75 E.58203
SET_VELOCITY_LIMIT ACCEL=8000 ACCEL_TO_DECEL=4000 SQUARE_CORNER_VELOCITY=8
G1 E-.8 F2400
;WIPE_START
G1 F1674.922
G1 X17.79 Y19.754
;WIPE_END
G1 X18.454 Y12.151 Z2.4 F24000
G1 X19.05 Y5.326 Z2.4
G1 Z2
G1 E.8 F2400
;TYPE:Sparse infill
;WIDTH:0.45
G1 F1551.487
G1 X19.05 Y3.698 E.05236
G1 X16.302 Y.95 E.12494
G1 X19.05 Y.95 E.08835
G1 X.95 Y19.05 E.82308
G1 X.95 Y16.302 E.08835
G1 X3.698 Y19.05 E.12494
G1 X8.626 Y19.05 E.15849
G1 X19.05 Y8.626 E.47401
G1 X19.05 Y11.374 E.08835
G1 X8.626 Y.95 E.47401
G1 X11.374 Y.95 E.08835
G1 X.95 Y11.374 E.47401
G1 X.95 Y8.626 E.08835
G1 X11.374 Y19.05 E.47401
G1 X16.302 Y19.05 E.15849
G1 X19.05 Y16.302 E.12494
G1 X19.05 Y19.05 E.08835
G1 X.95 Y.95 E.82308
G1 X.95 Y3.698 E.08835
G1 X3.698 Y.95 E.12494
G1 X5.326 Y.95 E.05236
;LAYER_CHANGE
;Z:2.2
;HEIGHT:0.2
;BEFORE_LAYER_CHANGE
;2.2
G92 E0

G1 E-.8 F2400
;WIPE_START
G1 F1551.487
G1 X3.698 Y.95
G1 X3.435 Y1.213
;WIPE_END
EXCLUDE_OBJECT_END NAME=f4002d18-e224-45f4-be44-c8ecfbbb1563.stl_id_0_copy_0
;_SET_FAN_SPEED_CHANGING_LAYER
EXCLUDE_OBJECT_START NAME=f4002d18-e224-45f4-be44-c8ecfbbb1563.stl_id_0_copy_0
G1 X8.388 Y7.02 Z2.6 F24000
G1 X18.948 Y19.398 Z2.6
G1 Z2.2
G1 E.8 F2400
SET_VELOCITY_LIMIT ACCEL=2000 ACCEL_TO_DECEL=1000 SQUARE_CORNER_VELOCITY=6
;TYPE:Inner wall
G1 F1551.487
G1 X.602 Y19.398 E.58994
G1 X.602 Y.602 E.60441
G1 X19.398 Y.602 E.60441
G1 X19.398 Y19.398 E.60441
G1 X18.988 Y19.398 E.01318
G1 X19.79 Y19.79 F24000
;TYPE:Outer wall
;WIDTH:0.42
G1 F1674.922
G1 X.21 Y19.79 E.58322
G1 X.21 Y.21 E.58322
G1 X19.79 Y.21 E.58322
G1 X19.79 Y19.75 E.58203
SET_VELOCITY_LIMIT ACCEL=8000 ACCEL_TO_DECEL=4000 SQUARE_CORNER_VELOCITY=8
G1 E-.8 F2400
;WIPE_START
G1 F1674.922
G1 X17.79 Y19.754
;WIPE_END
G1 X13.573 Y13.392 Z2.6 F24000
G1 X5.326 Y.95 Z2.6
G1 Z2.2
G1 E.8 F2400
;TYPE:Sparse infill
;WIDTH:0.45
G1 F1551.487
G1 X3.698 Y.95 E.05236
G1 X.95 Y3.698 E.12494
G1 X.95 Y.95 E.08835
G1 X19.05 Y19.05 E.82308
G1 X19.05 Y16.302 E.08835
M73 P22 R21
G1 X16.302 Y19.05 E.12494
G1 X11.374 Y19.05 E.15849
G1 X.95 Y8.626 E.47401
G1 X.95 Y11.374 E.08835
G1 X11.374 Y.95 E.47401
G1 X8.626 Y.95 E.08835
G1 X19.05 Y11.374 E.47401
G1 X19.05 Y8.626 E.08835
G1 X8.626 Y19.05 E.47401
G1 X3.698 Y19.05 E.15849
G1 X.95 Y16.302 E.12494
G1 X.95 Y19.05 E.08835
G1 X19.05 Y.95 E.82308
G1 X16.302 Y.95 E.08835
G1 X19.05 Y3.698 E.12494
G1 X19.05 Y5.326 E.05236
;LAYER_CHANGE
;Z:2.4
;HEIGHT:0.2
;BEFORE_LAYER_CHANGE
;2.4
G92 E0

G1 E-.8 F2400
;WIPE_START
G1 F1551.487
G1 X19.05 Y3.698
G1 X18.787 Y3.435
;WIPE_END
EXCLUDE_OBJECT_END NAME=f4002d18-e224-45f4-be44-c8ecfbbb1563.stl_id_0_copy_0
;_SET_FAN_SPEED_CHANGING_LAYER
EXCLUDE_OBJECT_START NAME=f4002d18-e224-45f4-be44-c8ecfbbb1563.stl_id_0_copy_0
G1 X18.864 Y11.067 Z2.8 F24000
G1 X18.948 Y19.398 Z2.8
G1 Z2.4
G1 E.8 F2400
SET_VELOCITY_LIMIT ACCEL=2000 ACCEL_TO_DECEL=1000 SQUARE_CORNER_VELOCITY=6
;TYPE:Inner wall
G1 F1551.487
G1 X.602 Y19.398 E.58994
G1 X.602 Y.602 E.60441
G1 X19.398 Y.602 E.60441
G1 X19.398 Y19.398 E.60441
G1 X18.988 Y19.398 E.01318
G1 X19.79 Y19.79 F24000
;TYPE:Outer wall
;WIDTH:0.42
G1 F1674.922
G1 X.21 Y19.79 E.58322
G1 X.21 Y.21 E.58322
G1 X19.79 Y.21 E.58322
G1 X19.79 Y19.75 E.58203
M73 P22 R20
SET_VELOCITY_LIMIT ACCEL=8000 ACCEL_TO_DECEL=4000 SQUARE_CORNER_VELOCITY=8
G1 E-.8 F2400
;WIPE_START
G1 F1674.922
G1 X17.79 Y19.754
;WIPE_END
G1 X18.454 Y12.151 Z2.8 F24000
G1 X19.05 Y5.326 Z2.8
G1 Z2.4
G1 E.8 F2400
;TYPE:Sparse infill
;WIDTH:0.45
G1 F1551.487
G1 X19.05 Y3.698 E.05236
G1 X16.302 Y.95 E.12494
G1 X19.05 Y.95 E.08835
G1 X.95 Y19.05 E.82308
G1 X.95 Y16.302 E.08835
G1 X3.698 Y19.05 E.12494
G1 X8.626 Y19.05 E.15849
G1 X19.05 Y8.626 E.47401
G1 X19.05 Y11.374 E.08835
G1 X8.626 Y.95 E.47401
G1 X11.374 Y.95 E.08835
G1 X.95 Y11.374 E.47401
G1 X.95 Y8.626 E.08835
G1 X11.374 Y19.05 E.47401
G1 X16.302 Y19.05 E.15849
G1 X19.05 Y16.302 E.12494
G1 X19.05 Y19.05 E.08835
G1 X.95 Y.95 E.82308
G1 X.95 Y3.698 E.08835
M73 P23 R20
G1 X3.698 Y.95 E.12494
G1 X5.326 Y.95 E.05236
;LAYER_CHANGE
;Z:2.6
;HEIGHT:0.2
;BEFORE_LAYER_CHANGE
;2.6
G92 E0

G1 E-.8 F2400
;WIPE_START
G1 F1551.487
G1 X3.698 Y.95
G1 X3.435 Y1.213
;WIPE_END
EXCLUDE_OBJECT_END NAME=f4002d18-e224-45f4-be44-c8ecfbbb1563.stl_id_0_copy_0
;_SET_FAN_SPEED_CHANGING_LAYER
EXCLUDE_OBJECT_START NAME=f4002d18-e224-45f4-be44-c8ecfbbb1563.stl_id_0_copy_0
G1 X8.388 Y7.02 Z3 F24000
G1 X18.948 Y19.398 Z3
G1 Z2.6
G1 E.8 F2400
SET_VELOCITY_LIMIT ACCEL=2000 ACCEL_TO_DECEL=1000 SQUARE_CORNER_VELOCITY=6
;TYPE:Inner wall
G1 F1551.487
G1 X.602 Y19.398 E.58994
G1 X.602 Y.602 E.60441
G1 X19.398 Y.602 E.60441
G1 X19.398 Y19.398 E.60441
G1 X18.988 Y19.398 E.01318
G1 X19.79 Y19.79 F24000
;TYPE:Outer wall
;WIDTH:0.42
G1 F1674.922
G1 X.21 Y19.79 E.58322
G1 X.21 Y.21 E.58322
G1 X19.79 Y.21 E.58322
G1 X19.79 Y19.75 E.58203
SET_VELOCITY_LIMIT ACCEL=8000 ACCEL_TO_DECEL=4000 SQUARE_CORNER_VELOCITY=8
G1 E-.8 F2400
;WIPE_START
G1 F1674.922
G1 X17.79 Y19.754
;WIPE_END
G1 X13.573 Y13.392 Z3 F24000
G1 X5.326 Y.95 Z3
G1 Z2.6
G1 E.8 F2400
;TYPE:Sparse infill
;WIDTH:0.45
G1 F1551.487
G1 X3.698 Y.95 E.05236
G1 X.95 Y3.698 E.12494
G1 X.95 Y.95 E.08835
G1 X19.05 Y19.05 E.82308
G1 X19.05 Y16.302 E.08835
G1 X16.302 Y19.05 E.12494
G1 X11.374 Y19.05 E.15849
G1 X.95 Y8.626 E.47401
G1 X.95 Y11.374 E.08835
G1 X11.374 Y.95 E.47401
G1 X8.626 Y.95 E.08835
G1 X19.05 Y11.374 E.47401
G1 X19.05 Y8.626 E.08835
G1 X8.626 Y19.05 E.47401
G1 X3.698 Y19.05 E.15849
G1 X.95 Y16.302 E.12494
G1 X.95 Y19.05 E.08835
G1 X19.05 Y.95 E.82308
G1 X16.302 Y.95 E.08835
G1 X19.05 Y3.698 E.12494
G1 X19.05 Y5.326 E.05236
;LAYER_CHANGE
;Z:2.8
;HEIGHT:0.2
;BEFORE_LAYER_CHANGE
;2.8
G92 E0

G1 E-.8 F2400
;WIPE_START
G1 F1551.487
G1 X19.05 Y3.698
G1 X18.787 Y3.435
;WIPE_END
EXCLUDE_OBJECT_END NAME=f4002d18-e224-45f4-be44-c8ecfbbb1563.stl_id_0_copy_0
;_SET_FAN_SPEED_CHANGING_LAYER
EXCLUDE_OBJECT_START NAME=f4002d18-e224-45f4-be44-c8ecfbbb1563.stl_id_0_copy_0
G1 X18.864 Y11.067 Z3.2 F24000
G1 X18.948 Y19.398 Z3.2
G1 Z2.8
G1 E.8 F2400
SET_VELOCITY_LIMIT ACCEL=2000 ACCEL_TO_DECEL=1000 SQUARE_CORNER_VELOCITY=6
;TYPE:Inner wall
G1 F1551.487
G1 X.602 Y19.398 E.58994
G1 X.602 Y.602 E.60441
G1 X19.398 Y.602 E.60441
G1 X19.398 Y19.398 E.60441
M73 P24 R20
G1 X18.988 Y19.398 E.01318
G1 X19.79 Y19.79 F24000
;TYPE:Outer wall
;WIDTH:0.42
G1 F1674.922
G1 X.21 Y19.79 E.58322
G1 X.21 Y.21 E.58322
G1 X19.79 Y.21 E.58322
G1 X19.79 Y19.75 E.58203
SET_VELOCITY_LIMIT ACCEL=8000 ACCEL_TO_DECEL=4000 SQUARE_CORNER_VELOCITY=8
G1 E-.8 F2400
;WIPE_START
G1 F1674.922
G1 X17.79 Y19.754
;WIPE_END
G1 X18.454 Y12.151 Z3.2 F24000
G1 X19.05 Y5.326 Z3.2
G1 Z2.8
G1 E.8 F2400
;TYPE:Sparse infill
;WIDTH:0.45
G1 F1551.487
G1 X19.05 Y3.698 E.05236
G1 X16.302 Y.95 E.12494
G1 X19.05 Y.95 E.08835
G1 X.95 Y19.05 E.82308
G1 X.95 Y16.302 E.08835
G1 X3.698 Y19.05 E.12494
G1 X8.626 Y19.05 E.15849
G1 X19.05 Y8.626 E.47401
G1 X19.05 Y11.374 E.08835
G1 X8.626 Y.95 E.47401
G1 X11.374 Y.95 E.08835
G1 X.95 Y11.374 E.47401
G1 X.95 Y8.626 E.08835
G1 X11.374 Y19.05 E.47401
G1 X16.302 Y19.05 E.15849
G1 X19.05 Y16.302 E.12494
G1 X19.05 Y19.05 E.08835
G1 X.95 Y.95 E.82308
G1 X.95 Y3.698 E.08835
G1 X3.698 Y.95 E.12494
G1 X5.326 Y.95 E.05236
;LAYER_CHANGE
;Z:3
;HEIGHT:0.2
;BEFORE_LAYER_CHANGE
;3
G92 E0

G1 E-.8 F2400
;WIPE_START
G1 F1551.487
G1 X3.698 Y.95
G1 X3.435 Y1.213
;WIPE_END
EXCLUDE_OBJECT_END NAME=f4002d18-e224-45f4-be44-c8ecfbbb1563.stl_id_0_copy_0
;_SET_FAN_SPEED_CHANGING_LAYER
EXCLUDE_OBJECT_START NAME=f4002d18-e224-45f4-be44-c8ecfbbb1563.stl_id_0_copy_0
G1 X8.388 Y7.02 Z3.4 F24000
G1 X18.948 Y19.398 Z3.4
G1 Z3
G1 E.8 F2400
SET_VELOCITY_LIMIT ACCEL=2000 ACCEL_TO_DECEL=1000 SQUARE_CORNER_VELOCITY=6
;TYPE:Inner wall
G1 F1551.487
G1 X.602 Y19.398 E.58994
G1 X.602 Y.602 E.60441
G1 X19.398 Y.602 E.60441
G1 X19.398 Y19.398 E.60441
G1 X18.988 Y19.398 E.01318
G1 X19.79 Y19.79 F24000
;TYPE:Outer wall
;WIDTH:0.42
G1 F1674.922
G1 X.21 Y19.79 E.58322
G1 X.21 Y.21 E.58322
G1 X19.79 Y.21 E.58322
G1 X19.79 Y19.75 E.58203
SET_VELOCITY_LIMIT ACCEL=8000 ACCEL_TO_DECEL=4000 SQUARE_CORNER_VELOCITY=8
G1 E-.8 F2400
;WIPE_START
G1 F1674.922
G1 X17.79 Y19.754
;WIPE_END
G1 X13.573 Y13.392 Z3.4 F24000
M73 P25 R20
G1 X5.326 Y.95 Z3.4
G1 Z3
G1 E.8 F2400
;TYPE:Sparse infill
;WIDTH:0.45
G1 F1551.487
G1 X3.698 Y.95 E.05236
G1 X.95 Y3.698 E.12494
G1 X.95 Y.95 E.08835
G1 X19.05 Y19.05 E.82308
G1 X19.05 Y16.302 E.08835
G1 X16.302 Y19.05 E.12494
G1 X11.374 Y19.05 E.15849
G1 X.95 Y8.626 E.47401
G1 X.95 Y11.374 E.08835
G1 X11.374 Y.95 E.47401
G1 X8.626 Y.95 E.08835
G1 X19.05 Y11.374 E.47401
G1 X19.05 Y8.626 E.08835
G1 X8.626 Y19.05 E.47401
G1 X3.698 Y19.05 E.15849
G1 X.95 Y16.302 E.12494
G1 X.95 Y19.05 E.08835
G1 X19.05 Y.95 E.82308
G1 X16.302 Y.95 E.08835
G1 X19.05 Y3.698 E.12494
G1 X19.05 Y5.326 E.05236
;LAYER_CHANGE
;Z:3.2
;HEIGHT:0.2
;BEFORE_LAYER_CHANGE
;3.2
G92 E0

G1 E-.8 F2400
;WIPE_START
G1 F1551.487
G1 X19.05 Y3.698
G1 X18.787 Y3.435
;WIPE_END
EXCLUDE_OBJECT_END NAME=f4002d18-e224-45f4-be44-c8ecfbbb1563.stl_id_0_copy_0
;_SET_FAN_SPEED_CHANGING_LAYER
EXCLUDE_OBJECT_START NAME=f4002d18-e224-45f4-be44-c8ecfbbb1563.stl_id_0_copy_0
G1 X18.864 Y11.067 Z3.6 F24000
G1 X18.948 Y19.398 Z3.6
G1 Z3.2
G1 E.8 F2400
SET_VELOCITY_LIMIT ACCEL=2000 ACCEL_TO_DECEL=1000 SQUARE_CORNER_VELOCITY=6
;TYPE:Inner wall
G1 F1551.487
G1 X.602 Y19.398 E.58994
G1 X.602 Y.602 E.60441
G1 X19.398 Y.602 E.60441
G1 X19.398 Y19.398 E.60441
G1 X18.988 Y19.398 E.01318
G1 X19.79 Y19.79 F24000
;TYPE:Outer wall
;WIDTH:0.42
G1 F1674.922
G1 X.21 Y19.79 E.58322
G1 X.21 Y.21 E.58322
G1 X19.79 Y.21 E.58322
G1 X19.79 Y19.75 E.58203
SET_VELOCITY_LIMIT ACCEL=8000 ACCEL_TO_DECEL=4000 SQUARE_CORNER_VELOCITY=8
G1 E-.8 F2400
;WIPE_START
G1 F1674.922
G1 X17.79 Y19.754
;WIPE_END
G1 X18.454 Y12.151 Z3.6 F24000
G1 X19.05 Y5.326 Z3.6
G1 Z3.2
G1 E.8 F2400
;TYPE:Sparse infill
;WIDTH:0.45
G1 F1551.487
G1 X19.05 Y3.698 E.05236
G1 X16.302 Y.95 E.12494
G1 X19.05 Y.95 E.08835
G1 X.95 Y19.05 E.82308
G1 X.95 Y16.302 E.08835
G1 X3.698 Y19.05 E.12494
G1 X8.626 Y19.05 E.15849
G1 X19.05 Y8.626 E.47401
G1 X19.05 Y11.374 E.08835
G1 X8.626 Y.95 E.47401
G1 X11.374 Y.95 E.08835
G1 X.95 Y11.374 E.47401
G1 X.95 Y8.626 E.08835
M73 P26 R20
G1 X11.374 Y19.05 E.47401
G1 X16.302 Y19.05 E.15849
G1 X19.05 Y16.302 E.12494
G1 X19.05 Y19.05 E.08835
G1 X.95 Y.95 E.82308
G1 X.95 Y3.698 E.08835
G1 X3.698 Y.95 E.12494
G1 X5.326 Y.95 E.05236
;LAYER_CHANGE
;Z:3.4
;HEIGHT:0.2
;BEFORE_LAYER_CHANGE
;3.4
G92 E0

G1 E-.8 F2400
;WIPE_START
G1 F1551.487
G1 X3.698 Y.95
G1 X3.435 Y1.213
;WIPE_END
EXCLUDE_OBJECT_END NAME=f4002d18-e224-45f4-be44-c8ecfbbb1563.stl_id_0_copy_0
;_SET_FAN_SPEED_CHANGING_LAYER
EXCLUDE_OBJECT_START NAME=f4002d18-e224-45f4-be44-c8ecfbbb1563.stl_id_0_copy_0
G1 X8.388 Y7.02 Z3.8 F24000
G1 X18.948 Y19.398 Z3.8
G1 Z3.4
G1 E.8 F2400
SET_VELOCITY_LIMIT ACCEL=2000 ACCEL_TO_DECEL=1000 SQUARE_CORNER_VELOCITY=6
;TYPE:Inner wall
G1 F1551.487
G1 X.602 Y19.398 E.58994
G1 X.602 Y.602 E.60441
G1 X19.398 Y.602 E.60441
G1 X19.398 Y19.398 E.60441
M73 P26 R19
G1 X18.988 Y19.398 E.01318
G1 X19.79 Y19.79 F24000
;TYPE:Outer wall
;WIDTH:0.42
G1 F1674.922
G1 X.21 Y19.79 E.58322
G1 X.21 Y.21 E.58322
G1 X19.79 Y.21 E.58322
G1 X19.79 Y19.75 E.58203
SET_VELOCITY_LIMIT ACCEL=8000 ACCEL_TO_DECEL=4000 SQUARE_CORNER_VELOCITY=8
G1 E-.8 F2400
;WIPE_START
G1 F1674.922
G1 X17.79 Y19.754
;WIPE_END
G1 X13.573 Y13.392 Z3.8 F24000
G1 X5.326 Y.95 Z3.8
G1 Z3.4
G1 E.8 F2400
;TYPE:Sparse infill
;WIDTH:0.45
G1 F1551.487
G1 X3.698 Y.95 E.05236
G1 X.95 Y3.698 E.12494
G1 X.95 Y.95 E.08835
G1 X19.05 Y19.05 E.82308
G1 X19.05 Y16.302 E.08835
G1 X16.302 Y19.05 E.12494
G1 X11.374 Y19.05 E.15849
G1 X.95 Y8.626 E.47401
G1 X.95 Y11.374 E.08835
G1 X11.374 Y.95 E.47401
G1 X8.626 Y.95 E.08835
G1 X19.05 Y11.374 E.47401
G1 X19.05 Y8.626 E.08835
G1 X8.626 Y19.05 E.47401
G1 X3.698 Y19.05 E.15849
G1 X.95 Y16.302 E.12494
G1 X.95 Y19.05 E.08835
G1 X19.05 Y.95 E.82308
G1 X16.302 Y.95 E.08835
G1 X19.05 Y3.698 E.12494
G1 X19.05 Y5.326 E.05236
;LAYER_CHANGE
;Z:3.6
;HEIGHT:0.2
;BEFORE_LAYER_CHANGE
;3.6
G92 E0

G1 E-.8 F2400
;WIPE_START
G1 F1551.487
G1 X19.05 Y3.698
G1 X18.787 Y3.435
;WIPE_END
EXCLUDE_OBJECT_END NAME=f4002d18-e224-45f4-be44-c8ecfbbb1563.stl_id_0_copy_0
;_SET_FAN_SPEED_CHANGING_LAYER
EXCLUDE_OBJECT_START NAME=f4002d18-e224-45f4-be44-c8ecfbbb1563.stl_id_0_copy_0
G1 X18.864 Y11.067 Z4 F24000
G1 X18.948 Y19.398 Z4
G1 Z3.6
G1 E.8 F2400
SET_VELOCITY_LIMIT ACCEL=2000 ACCEL_TO_DECEL=1000 SQUARE_CORNER_VELOCITY=6
;TYPE:Inner wall
G1 F1551.487
G1 X.602 Y19.398 E.58994
G1 X.602 Y.602 E.60441
G1 X19.398 Y.602 E.60441
M73 P27 R19
G1 X19.398 Y19.398 E.60441
G1 X18.988 Y19.398 E.01318
G1 X19.79 Y19.79 F24000
;TYPE:Outer wall
;WIDTH:0.42
G1 F1674.922
G1 X.21 Y19.79 E.58322
G1 X.21 Y.21 E.58322
G1 X19.79 Y.21 E.58322
G1 X19.79 Y19.75 E.58203
SET_VELOCITY_LIMIT ACCEL=8000 ACCEL_TO_DECEL=4000 SQUARE_CORNER_VELOCITY=8
G1 E-.8 F2400
;WIPE_START
G1 F1674.922
G1 X17.79 Y19.754
;WIPE_END
G1 X18.454 Y12.151 Z4 F24000
G1 X19.05 Y5.326 Z4
G1 Z3.6
G1 E.8 F2400
;TYPE:Sparse infill
;WIDTH:0.45
G1 F1551.487
G1 X19.05 Y3.698 E.05236
G1 X16.302 Y.95 E.12494
G1 X19.05 Y.95 E.08835
G1 X.95 Y19.05 E.82308
G1 X.95 Y16.302 E.08835
G1 X3.698 Y19.05 E.12494
G1 X8.626 Y19.05 E.15849
G1 X19.05 Y8.626 E.47401
G1 X19.05 Y11.374 E.08835
G1 X8.626 Y.95 E.47401
G1 X11.374 Y.95 E.08835
G1 X.95 Y11.374 E.47401
G1 X.95 Y8.626 E.08835
G1 X11.374 Y19.05 E.47401
G1 X16.302 Y19.05 E.15849
G1 X19.05 Y16.302 E.12494
G1 X19.05 Y19.05 E.08835
G1 X.95 Y.95 E.82308
G1 X.95 Y3.698 E.08835
G1 X3.698 Y.95 E.12494
G1 X5.326 Y.95 E.05236
;LAYER_CHANGE
;Z:3.8
;HEIGHT:0.2
;BEFORE_LAYER_CHANGE
;3.8
G92 E0

G1 E-.8 F2400
;WIPE_START
G1 F1551.487
G1 X3.698 Y.95
G1 X3.435 Y1.213
;WIPE_END
EXCLUDE_OBJECT_END NAME=f4002d18-e224-45f4-be44-c8ecfbbb1563.stl_id_0_copy_0
;_SET_FAN_SPEED_CHANGING_LAYER
EXCLUDE_OBJECT_START NAME=f4002d18-e224-45f4-be44-c8ecfbbb1563.stl_id_0_copy_0
G1 X8.388 Y7.02 Z4.2 F24000
G1 X18.948 Y19.398 Z4.2
G1 Z3.8
G1 E.8 F2400
SET_VELOCITY_LIMIT ACCEL=2000 ACCEL_TO_DECEL=1000 SQUARE_CORNER_VELOCITY=6
;TYPE:Inner wall
G1 F1551.487
G1 X.602 Y19.398 E.58994
G1 X.602 Y.602 E.60441
G1 X19.398 Y.602 E.60441
G1 X19.398 Y19.398 E.60441
G1 X18.988 Y19.398 E.01318
G1 X19.79 Y19.79 F24000
;TYPE:Outer wall
;WIDTH:0.42
G1 F1674.922
G1 X.21 Y19.79 E.58322
G1 X.21 Y.21 E.58322
G1 X19.79 Y.21 E.58322
G1 X19.79 Y19.75 E.58203
M73 P28 R19
SET_VELOCITY_LIMIT ACCEL=8000 ACCEL_TO_DECEL=4000 SQUARE_CORNER_VELOCITY=8
G1 E-.8 F2400
;WIPE_START
G1 F1674.922
G1 X17.79 Y19.754
;WIPE_END
G1 X13.573 Y13.392 Z4.2 F24000
G1 X5.326 Y.95 Z4.2
G1 Z3.8
G1 E.8 F2400
;TYPE:Sparse infill
;WIDTH:0.45
G1 F1551.487
G1 X3.698 Y.95 E.05236
G1 X.95 Y3.698 E.12494
G1 X.95 Y.95 E.08835
G1 X19.05 Y19.05 E.82308
G1 X19.05 Y16.302 E.08835
G1 X16.302 Y19.05 E.12494
G1 X11.374 Y19.05 E.15849
G1 X.95 Y8.626 E.47401
G1 X.95 Y11.374 E.08835
G1 X11.374 Y.95 E.47401
G1 X8.626 Y.95 E.08835
G1 X19.05 Y11.374 E.47401
G1 X19.05 Y8.626 E.08835
G1 X8.626 Y19.05 E.47401
G1 X3.698 Y19.05 E.15849
G1 X.95 Y16.302 E.12494
G1 X.95 Y19.05 E.08835
G1 X19.05 Y.95 E.82308
G1 X16.302 Y.95 E.08835
G1 X19.05 Y3.698 E.12494
G1 X19.05 Y5.326 E.05236
;LAYER_CHANGE
;Z:4
;HEIGHT:0.2
;BEFORE_LAYER_CHANGE
;4
G92 E0

G1 E-.8 F2400
;WIPE_START
G1 F1551.487
G1 X19.05 Y3.698
G1 X18.787 Y3.435
;WIPE_END
EXCLUDE_OBJECT_END NAME=f4002d18-e224-45f4-be44-c8ecfbbb1563.stl_id_0_copy_0
;_SET_FAN_SPEED_CHANGING_LAYER
EXCLUDE_OBJECT_START NAME=f4002d18-e224-45f4-be44-c8ecfbbb1563.stl_id_0_copy_0
G1 X18.864 Y11.067 Z4.4 F24000
G1 X18.948 Y19.398 Z4.4
G1 Z4
G1 E.8 F2400
SET_VELOCITY_LIMIT ACCEL=2000 ACCEL_TO_DECEL=1000 SQUARE_CORNER_VELOCITY=6
;TYPE:Inner wall
G1 F1551.487
G1 X.602 Y19.398 E.58994
G1 X.602 Y.602 E.60441
G1 X19.398 Y.602 E.60441
G1 X19.398 Y19.398 E.60441
G1 X18.988 Y19.398 E.01318
G1 X19.79 Y19.79 F24000
;TYPE:Outer wall
;WIDTH:0.42
G1 F1674.922
G1 X.21 Y19.79 E.58322
G1 X.21 Y.21 E.58322
G1 X19.79 Y.21 E.58322
G1 X19.79 Y19.75 E.58203
SET_VELOCITY_LIMIT ACCEL=8000 ACCEL_TO_DECEL=4000 SQUARE_CORNER_VELOCITY=8
G1 E-.8 F2400
;WIPE_START
G1 F1674.922
G1 X17.79 Y19.754
;WIPE_END
G1 X18.454 Y12.151 Z4.4 F24000
G1 X19.05 Y5.326 Z4.4
G1 Z4
G1 E.8 F2400
;TYPE:Sparse infill
;WIDTH:0.45
G1 F1551.487
G1 X19.05 Y3.698 E.05236
G1 X16.302 Y.95 E.12494
G1 X19.05 Y.95 E.08835
G1 X.95 Y19.05 E.82308
G1 X.95 Y16.302 E.08835
G1 X3.698 Y19.05 E.12494
G1 X8.626 Y19.05 E.15849
G1 X19.05 Y8.626 E.47401
G1 X19.05 Y11.374 E.08835
M73 P29 R19
G1 X8.626 Y.95 E.47401
G1 X11.374 Y.95 E.08835
G1 X.95 Y11.374 E.47401
G1 X.95 Y8.626 E.08835
G1 X11.374 Y19.05 E.47401
G1 X16.302 Y19.05 E.15849
G1 X19.05 Y16.302 E.12494
G1 X19.05 Y19.05 E.08835
G1 X.95 Y.95 E.82308
G1 X.95 Y3.698 E.08835
G1 X3.698 Y.95 E.12494
G1 X5.326 Y.95 E.05236
;LAYER_CHANGE
;Z:4.2
;HEIGHT:0.2
;BEFORE_LAYER_CHANGE
;4.2
G92 E0

G1 E-.8 F2400
;WIPE_START
G1 F1551.487
G1 X3.698 Y.95
G1 X3.435 Y1.213
;WIPE_END
EXCLUDE_OBJECT_END NAME=f4002d18-e224-45f4-be44-c8ecfbbb1563.stl_id_0_copy_0
;_SET_FAN_SPEED_CHANGING_LAYER
EXCLUDE_OBJECT_START NAME=f4002d18-e224-45f4-be44-c8ecfbbb1563.stl_id_0_copy_0
G1 X8.388 Y7.02 Z4.6 F24000
G1 X18.948 Y19.398 Z4.6
G1 Z4.2
G1 E.8 F2400
SET_VELOCITY_LIMIT ACCEL=2000 ACCEL_TO_DECEL=1000 SQUARE_CORNER_VELOCITY=6
;TYPE:Inner wall
G1 F1551.487
G1 X.602 Y19.398 E.58994
G1 X.602 Y.602 E.60441
G1 X19.398 Y.602 E.60441
G1 X19.398 Y19.398 E.60441
G1 X18.988 Y19.398 E.01318
G1 X19.79 Y19.79 F24000
;TYPE:Outer wall
;WIDTH:0.42
G1 F1674.922
G1 X.21 Y19.79 E.58322
G1 X.21 Y.21 E.58322
G1 X19.79 Y.21 E.58322
G1 X19.79 Y19.75 E.58203
SET_VELOCITY_LIMIT ACCEL=8000 ACCEL_TO_DECEL=4000 SQUARE_CORNER_VELOCITY=8
G1 E-.8 F2400
;WIPE_START
G1 F1674.922
G1 X17.79 Y19.754
;WIPE_END
G1 X13.573 Y13.392 Z4.6 F24000
G1 X5.326 Y.95 Z4.6
G1 Z4.2
G1 E.8 F2400
;TYPE:Sparse infill
;WIDTH:0.45
G1 F1551.487
G1 X3.698 Y.95 E.05236
G1 X.95 Y3.698 E.12494
G1 X.95 Y.95 E.08835
G1 X19.05 Y19.05 E.82308
G1 X19.05 Y16.302 E.08835
G1 X16.302 Y19.05 E.12494
G1 X11.374 Y19.05 E.15849
G1 X.95 Y8.626 E.47401
G1 X.95 Y11.374 E.08835
G1 X11.374 Y.95 E.47401
G1 X8.626 Y.95 E.08835
G1 X19.05 Y11.374 E.47401
G1 X19.05 Y8.626 E.08835
G1 X8.626 Y19.05 E.47401
G1 X3.698 Y19.05 E.15849
G1 X.95 Y16.302 E.12494
G1 X.95 Y19.05 E.08835
G1 X19.05 Y.95 E.82308
G1 X16.302 Y.95 E.08835
G1 X19.05 Y3.698 E.12494
M73 P29 R18
G1 X19.05 Y5.326 E.05236
M73 P30 R18
;LAYER_CHANGE
;Z:4.4
;HEIGHT:0.2
;BEFORE_LAYER_CHANGE
;4.4
G92 E0

G1 E-.8 F2400
;WIPE_START
G1 F1551.487
G1 X19.05 Y3.698
G1 X18.787 Y3.435
;WIPE_END
EXCLUDE_OBJECT_END NAME=f4002d18-e224-45f4-be44-c8ecfbbb1563.stl_id_0_copy_0
;_SET_FAN_SPEED_CHANGING_LAYER
EXCLUDE_OBJECT_START NAME=f4002d18-e224-45f4-be44-c8ecfbbb1563.stl_id_0_copy_0
G1 X18.864 Y11.067 Z4.8 F24000
G1 X18.948 Y19.398 Z4.8
G1 Z4.4
G1 E.8 F2400
SET_VELOCITY_LIMIT ACCEL=2000 ACCEL_TO_DECEL=1000 SQUARE_CORNER_VELOCITY=6
;TYPE:Inner wall
G1 F1551.487
G1 X.602 Y19.398 E.58994
G1 X.602 Y.602 E.60441
G1 X19.398 Y.602 E.60441
G1 X19.398 Y19.398 E.60441
G1 X18.988 Y19.398 E.01318
G1 X19.79 Y19.79 F24000
;TYPE:Outer wall
;WIDTH:0.42
G1 F1674.922
G1 X.21 Y19.79 E.58322
G1 X.21 Y.21 E.58322
G1 X19.79 Y.21 E.58322
G1 X19.79 Y19.75 E.58203
SET_VELOCITY_LIMIT ACCEL=8000 ACCEL_TO_DECEL=4000 SQUARE_CORNER_VELOCITY=8
G1 E-.8 F2400
;WIPE_START
G1 F1674.922
G1 X17.79 Y19.754
;WIPE_END
G1 X18.454 Y12.151 Z4.8 F24000
G1 X19.05 Y5.326 Z4.8
G1 Z4.4
G1 E.8 F2400
;TYPE:Sparse infill
;WIDTH:0.45
G1 F1551.487
G1 X19.05 Y3.698 E.05236
G1 X16.302 Y.95 E.12494
G1 X19.05 Y.95 E.08835
G1 X.95 Y19.05 E.82308
G1 X.95 Y16.302 E.08835
G1 X3.698 Y19.05 E.12494
G1 X8.626 Y19.05 E.15849
G1 X19.05 Y8.626 E.47401
G1 X19.05 Y11.374 E.08835
G1 X8.626 Y.95 E.47401
G1 X11.374 Y.95 E.08835
G1 X.95 Y11.374 E.47401
G1 X.95 Y8.626 E.08835
G1 X11.374 Y19.05 E.47401
G1 X16.302 Y19.05 E.15849
G1 X19.05 Y16.302 E.12494
G1 X19.05 Y19.05 E.08835
G1 X.95 Y.95 E.82308
G1 X.95 Y3.698 E.08835
G1 X3.698 Y.95 E.12494
G1 X5.326 Y.95 E.05236
;LAYER_CHANGE
;Z:4.6
;HEIGHT:0.2
;BEFORE_LAYER_CHANGE
;4.6
G92 E0

G1 E-.8 F2400
;WIPE_START
G1 F1551.487
G1 X3.698 Y.95
G1 X3.435 Y1.213
;WIPE_END
EXCLUDE_OBJECT_END NAME=f4002d18-e224-45f4-be44-c8ecfbbb1563.stl_id_0_copy_0
;_SET_FAN_SPEED_CHANGING_LAYER
EXCLUDE_OBJECT_START NAME=f4002d18-e224-45f4-be44-c8ecfbbb1563.stl_id_0_copy_0
G1 X8.388 Y7.02 Z5 F24000
G1 X18.948 Y19.398 Z5
G1 Z4.6
G1 E.8 F2400
SET_VELOCITY_LIMIT ACCEL=2000 ACCEL_TO_DECEL=1000 SQUARE_CORNER_VELOCITY=6
;TYPE:Inner wall
G1 F1551.487
G1 X.602 Y19.398 E.58994
G1 X.602 Y.602 E.60441
G1 X19.398 Y.602 E.60441
G1 X19.398 Y19.398 E.60441
G1 X18.988 Y19.398 E.01318
G1 X19.79 Y19.79 F24000
;TYPE:Outer wall
;WIDTH:0.42
G1 F1674.922
G1 X.21 Y19.79 E.58322
G1 X.21 Y.21 E.58322
M73 P31 R18
G1 X19.79 Y.21 E.58322
G1 X19.79 Y19.75 E.58203
SET_VELOCITY_LIMIT ACCEL=8000 ACCEL_TO_DECEL=4000 SQUARE_CORNER_VELOCITY=8
G1 E-.8 F2400
;WIPE_START
G1 F1674.922
G1 X17.79 Y19.754
;WIPE_END
G1 X13.573 Y13.392 Z5 F24000
G1 X5.326 Y.95 Z5
G1 Z4.6
G1 E.8 F2400
;TYPE:Sparse infill
;WIDTH:0.45
G1 F1551.487
G1 X3.698 Y.95 E.05236
G1 X.95 Y3.698 E.12494
G1 X.95 Y.95 E.08835
G1 X19.05 Y19.05 E.82308
G1 X19.05 Y16.302 E.08835
G1 X16.302 Y19.05 E.12494
G1 X11.374 Y19.05 E.15849
G1 X.95 Y8.626 E.47401
G1 X.95 Y11.374 E.08835
G1 X11.374 Y.95 E.47401
G1 X8.626 Y.95 E.08835
G1 X19.05 Y11.374 E.47401
G1 X19.05 Y8.626 E.08835
G1 X8.626 Y19.05 E.47401
G1 X3.698 Y19.05 E.15849
G1 X.95 Y16.302 E.12494
G1 X.95 Y19.05 E.08835
G1 X19.05 Y.95 E.82308
G1 X16.302 Y.95 E.08835
G1 X19.05 Y3.698 E.12494
G1 X19.05 Y5.326 E.05236
;LAYER_CHANGE
;Z:4.8
;HEIGHT:0.2
;BEFORE_LAYER_CHANGE
;4.8
G92 E0

G1 E-.8 F2400
;WIPE_START
G1 F1551.487
G1 X19.05 Y3.698
G1 X18.787 Y3.435
;WIPE_END
EXCLUDE_OBJECT_END NAME=f4002d18-e224-45f4-be44-c8ecfbbb1563.stl_id_0_copy_0
;_SET_FAN_SPEED_CHANGING_LAYER
EXCLUDE_OBJECT_START NAME=f4002d18-e224-45f4-be44-c8ecfbbb1563.stl_id_0_copy_0
G1 X18.864 Y11.067 Z5.2 F24000
G1 X18.948 Y19.398 Z5.2
G1 Z4.8
G1 E.8 F2400
SET_VELOCITY_LIMIT ACCEL=2000 ACCEL_TO_DECEL=1000 SQUARE_CORNER_VELOCITY=6
;TYPE:Inner wall
G1 F1551.487
G1 X.602 Y19.398 E.58994
G1 X.602 Y.602 E.60441
G1 X19.398 Y.602 E.60441
G1 X19.398 Y19.398 E.60441
G1 X18.988 Y19.398 E.01318
G1 X19.79 Y19.79 F24000
;TYPE:Outer wall
;WIDTH:0.42
G1 F1674.922
G1 X.21 Y19.79 E.58322
G1 X.21 Y.21 E.58322
G1 X19.79 Y.21 E.58322
G1 X19.79 Y19.75 E.58203
SET_VELOCITY_LIMIT ACCEL=8000 ACCEL_TO_DECEL=4000 SQUARE_CORNER_VELOCITY=8
G1 E-.8 F2400
;WIPE_START
G1 F1674.922
G1 X17.79 Y19.754
;WIPE_END
G1 X18.454 Y12.151 Z5.2 F24000
G1 X19.05 Y5.326 Z5.2
G1 Z4.8
G1 E.8 F2400
;TYPE:Sparse infill
;WIDTH:0.45
G1 F1551.487
G1 X19.05 Y3.698 E.05236
G1 X16.302 Y.95 E.12494
G1 X19.05 Y.95 E.08835
G1 X.95 Y19.05 E.82308
G1 X.95 Y16.302 E.08835
M73 P32 R18
G1 X3.698 Y19.05 E.12494
G1 X8.626 Y19.05 E.15849
G1 X19.05 Y8.626 E.47401
G1 X19.05 Y11.374 E.08835
G1 X8.626 Y.95 E.47401
G1 X11.374 Y.95 E.08835
G1 X.95 Y11.374 E.47401
G1 X.95 Y8.626 E.08835
G1 X11.374 Y19.05 E.47401
G1 X16.302 Y19.05 E.15849
G1 X19.05 Y16.302 E.12494
G1 X19.05 Y19.05 E.08835
G1 X.95 Y.95 E.82308
G1 X.95 Y3.698 E.08835
G1 X3.698 Y.95 E.12494
G1 X5.326 Y.95 E.05236
;LAYER_CHANGE
;Z:5
;HEIGHT:0.2
;BEFORE_LAYER_CHANGE
;5
G92 E0

G1 E-.8 F2400
;WIPE_START
G1 F1551.487
G1 X3.698 Y.95
G1 X3.435 Y1.213
;WIPE_END
EXCLUDE_OBJECT_END NAME=f4002d18-e224-45f4-be44-c8ecfbbb1563.stl_id_0_copy_0
;_SET_FAN_SPEED_CHANGING_LAYER
EXCLUDE_OBJECT_START NAME=f4002d18-e224-45f4-be44-c8ecfbbb1563.stl_id_0_copy_0
G1 X8.388 Y7.02 Z5.4 F24000
G1 X18.948 Y19.398 Z5.4
G1 Z5
G1 E.8 F2400
SET_VELOCITY_LIMIT ACCEL=2000 ACCEL_TO_DECEL=1000 SQUARE_CORNER_VELOCITY=6
;TYPE:Inner wall
G1 F1551.487
G1 X.602 Y19.398 E.58994
G1 X.602 Y.602 E.60441
G1 X19.398 Y.602 E.60441
G1 X19.398 Y19.398 E.60441
G1 X18.988 Y19.398 E.01318
G1 X19.79 Y19.79 F24000
;TYPE:Outer wall
;WIDTH:0.42
G1 F1674.922
G1 X.21 Y19.79 E.58322
G1 X.21 Y.21 E.58322
G1 X19.79 Y.21 E.58322
G1 X19.79 Y19.75 E.58203
SET_VELOCITY_LIMIT ACCEL=8000 ACCEL_TO_DECEL=4000 SQUARE_CORNER_VELOCITY=8
G1 E-.8 F2400
;WIPE_START
G1 F1674.922
G1 X17.79 Y19.754
;WIPE_END
G1 X13.573 Y13.392 Z5.4 F24000
G1 X5.326 Y.95 Z5.4
G1 Z5
G1 E.8 F2400
;TYPE:Sparse infill
;WIDTH:0.45
G1 F1551.487
G1 X3.698 Y.95 E.05236
G1 X.95 Y3.698 E.12494
G1 X.95 Y.95 E.08835
G1 X19.05 Y19.05 E.82308
G1 X19.05 Y16.302 E.08835
G1 X16.302 Y19.05 E.12494
G1 X11.374 Y19.05 E.15849
G1 X.95 Y8.626 E.47401
G1 X.95 Y11.374 E.08835
G1 X11.374 Y.95 E.47401
G1 X8.626 Y.95 E.08835
G1 X19.05 Y11.374 E.47401
G1 X19.05 Y8.626 E.08835
G1 X8.626 Y19.05 E.47401
G1 X3.698 Y19.05 E.15849
G1 X.95 Y16.302 E.12494
G1 X.95 Y19.05 E.08835
M73 P33 R18
G1 X19.05 Y.95 E.82308
G1 X16.302 Y.95 E.08835
G1 X19.05 Y3.698 E.12494
G1 X19.05 Y5.326 E.05236
;LAYER_CHANGE
;Z:5.2
;HEIGHT:0.2
;BEFORE_LAYER_CHANGE
;5.2
G92 E0

G1 E-.8 F2400
;WIPE_START
G1 F1551.487
G1 X19.05 Y3.698
G1 X18.787 Y3.435
;WIPE_END
EXCLUDE_OBJECT_END NAME=f4002d18-e224-45f4-be44-c8ecfbbb1563.stl_id_0_copy_0
;_SET_FAN_SPEED_CHANGING_LAYER
EXCLUDE_OBJECT_START NAME=f4002d18-e224-45f4-be44-c8ecfbbb1563.stl_id_0_copy_0
G1 X18.864 Y11.067 Z5.6 F24000
G1 X18.948 Y19.398 Z5.6
G1 Z5.2
G1 E.8 F2400
SET_VELOCITY_LIMIT ACCEL=2000 ACCEL_TO_DECEL=1000 SQUARE_CORNER_VELOCITY=6
;TYPE:Inner wall
G1 F1551.487
G1 X.602 Y19.398 E.58994
G1 X.602 Y.602 E.60441
G1 X19.398 Y.602 E.60441
G1 X19.398 Y19.398 E.60441
G1 X18.988 Y19.398 E.01318
G1 X19.79 Y19.79 F24000
;TYPE:Outer wall
;WIDTH:0.42
G1 F1674.922
G1 X.21 Y19.79 E.58322
G1 X.21 Y.21 E.58322
G1 X19.79 Y.21 E.58322
G1 X19.79 Y19.75 E.58203
SET_VELOCITY_LIMIT ACCEL=8000 ACCEL_TO_DECEL=4000 SQUARE_CORNER_VELOCITY=8
G1 E-.8 F2400
;WIPE_START
G1 F1674.922
G1 X17.79 Y19.754
;WIPE_END
G1 X18.454 Y12.151 Z5.6 F24000
G1 X19.05 Y5.326 Z5.6
G1 Z5.2
G1 E.8 F2400
;TYPE:Sparse infill
;WIDTH:0.45
G1 F1551.487
G1 X19.05 Y3.698 E.05236
G1 X16.302 Y.95 E.12494
G1 X19.05 Y.95 E.08835
G1 X.95 Y19.05 E.82308
G1 X.95 Y16.302 E.08835
G1 X3.698 Y19.05 E.12494
G1 X8.626 Y19.05 E.15849
G1 X19.05 Y8.626 E.47401
G1 X19.05 Y11.374 E.08835
G1 X8.626 Y.95 E.47401
G1 X11.374 Y.95 E.08835
G1 X.95 Y11.374 E.47401
G1 X.95 Y8.626 E.08835
M73 P33 R17
G1 X11.374 Y19.05 E.47401
G1 X16.302 Y19.05 E.15849
G1 X19.05 Y16.302 E.12494
G1 X19.05 Y19.05 E.08835
G1 X.95 Y.95 E.82308
G1 X.95 Y3.698 E.08835
G1 X3.698 Y.95 E.12494
G1 X5.326 Y.95 E.05236
;LAYER_CHANGE
;Z:5.4
;HEIGHT:0.2
;BEFORE_LAYER_CHANGE
;5.4
G92 E0

G1 E-.8 F2400
;WIPE_START
G1 F1551.487
G1 X3.698 Y.95
G1 X3.435 Y1.213
;WIPE_END
EXCLUDE_OBJECT_END NAME=f4002d18-e224-45f4-be44-c8ecfbbb1563.stl_id_0_copy_0
;_SET_FAN_SPEED_CHANGING_LAYER
EXCLUDE_OBJECT_START NAME=f4002d18-e224-45f4-be44-c8ecfbbb1563.stl_id_0_copy_0
G1 X8.388 Y7.02 Z5.8 F24000
G1 X18.948 Y19.398 Z5.8
G1 Z5.4
G1 E.8 F2400
SET_VELOCITY_LIMIT ACCEL=2000 ACCEL_TO_DECEL=1000 SQUARE_CORNER_VELOCITY=6
;TYPE:Inner wall
G1 F1551.487
G1 X.602 Y19.398 E.58994
G1 X.602 Y.602 E.60441
G1 X19.398 Y.602 E.60441
G1 X19.398 Y19.398 E.60441
M73 P34 R17
G1 X18.988 Y19.398 E.01318
G1 X19.79 Y19.79 F24000
;TYPE:Outer wall
;WIDTH:0.42
G1 F1674.922
G1 X.21 Y19.79 E.58322
G1 X.21 Y.21 E.58322
G1 X19.79 Y.21 E.58322
G1 X19.79 Y19.75 E.58203
SET_VELOCITY_LIMIT ACCEL=8000 ACCEL_TO_DECEL=4000 SQUARE_CORNER_VELOCITY=8
G1 E-.8 F2400
;WIPE_START
G1 F1674.922
G1 X17.79 Y19.754
;WIPE_END
G1 X13.573 Y13.392 Z5.8 F24000
G1 X5.326 Y.95 Z5.8
G1 Z5.4
G1 E.8 F2400
;TYPE:Sparse infill
;WIDTH:0.45
G1 F1551.487
G1 X3.698 Y.95 E.05236
G1 X.95 Y3.698 E.12494
G1 X.95 Y.95 E.08835
G1 X19.05 Y19.05 E.82308
G1 X19.05 Y16.302 E.08835
G1 X16.302 Y19.05 E.12494
G1 X11.374 Y19.05 E.15849
G1 X.95 Y8.626 E.47401
G1 X.95 Y11.374 E.08835
G1 X11.374 Y.95 E.47401
G1 X8.626 Y.95 E.08835
G1 X19.05 Y11.374 E.47401
G1 X19.05 Y8.626 E.08835
G1 X8.626 Y19.05 E.47401
G1 X3.698 Y19.05 E.15849
G1 X.95 Y16.302 E.12494
G1 X.95 Y19.05 E.08835
G1 X19.05 Y.95 E.82308
G1 X16.302 Y.95 E.08835
G1 X19.05 Y3.698 E.12494
G1 X19.05 Y5.326 E.05236
;LAYER_CHANGE
;Z:5.6
;HEIGHT:0.2
;BEFORE_LAYER_CHANGE
;5.6
G92 E0

G1 E-.8 F2400
;WIPE_START
G1 F1551.487
G1 X19.05 Y3.698
G1 X18.787 Y3.435
;WIPE_END
EXCLUDE_OBJECT_END NAME=f4002d18-e224-45f4-be44-c8ecfbbb1563.stl_id_0_copy_0
;_SET_FAN_SPEED_CHANGING_LAYER
EXCLUDE_OBJECT_START NAME=f4002d18-e224-45f4-be44-c8ecfbbb1563.stl_id_0_copy_0
G1 X18.864 Y11.067 Z6 F24000
G1 X18.948 Y19.398 Z6
G1 Z5.6
G1 E.8 F2400
SET_VELOCITY_LIMIT ACCEL=2000 ACCEL_TO_DECEL=1000 SQUARE_CORNER_VELOCITY=6
;TYPE:Inner wall
G1 F1551.487
G1 X.602 Y19.398 E.58994
G1 X.602 Y.602 E.60441
G1 X19.398 Y.602 E.60441
G1 X19.398 Y19.398 E.60441
G1 X18.988 Y19.398 E.01318
G1 X19.79 Y19.79 F24000
;TYPE:Outer wall
;WIDTH:0.42
G1 F1674.922
G1 X.21 Y19.79 E.58322
G1 X.21 Y.21 E.58322
G1 X19.79 Y.21 E.58322
G1 X19.79 Y19.75 E.58203
SET_VELOCITY_LIMIT ACCEL=8000 ACCEL_TO_DECEL=4000 SQUARE_CORNER_VELOCITY=8
G1 E-.8 F2400
M73 P35 R17
;WIPE_START
G1 F1674.922
G1 X17.79 Y19.754
;WIPE_END
G1 X18.454 Y12.151 Z6 F24000
G1 X19.05 Y5.326 Z6
G1 Z5.6
G1 E.8 F2400
;TYPE:Sparse infill
;WIDTH:0.45
G1 F1551.487
G1 X19.05 Y3.698 E.05236
G1 X16.302 Y.95 E.12494
G1 X19.05 Y.95 E.08835
G1 X.95 Y19.05 E.82308
G1 X.95 Y16.302 E.08835
G1 X3.698 Y19.05 E.12494
G1 X8.626 Y19.05 E.15849
G1 X19.05 Y8.626 E.47401
G1 X19.05 Y11.374 E.08835
G1 X8.626 Y.95 E.47401
G1 X11.374 Y.95 E.08835
G1 X.95 Y11.374 E.47401
G1 X.95 Y8.626 E.08835
G1 X11.374 Y19.05 E.47401
G1 X16.302 Y19.05 E.15849
G1 X19.05 Y16.302 E.12494
G1 X19.05 Y19.05 E.08835
G1 X.95 Y.95 E.82308
G1 X.95 Y3.698 E.08835
G1 X3.698 Y.95 E.12494
G1 X5.326 Y.95 E.05236
;LAYER_CHANGE
;Z:5.8
;HEIGHT:0.2
;BEFORE_LAYER_CHANGE
;5.8
G92 E0

G1 E-.8 F2400
;WIPE_START
G1 F1551.487
G1 X3.698 Y.95
G1 X3.435 Y1.213
;WIPE_END
EXCLUDE_OBJECT_END NAME=f4002d18-e224-45f4-be44-c8ecfbbb1563.stl_id_0_copy_0
;_SET_FAN_SPEED_CHANGING_LAYER
EXCLUDE_OBJECT_START NAME=f4002d18-e224-45f4-be44-c8ecfbbb1563.stl_id_0_copy_0
G1 X8.388 Y7.02 Z6.2 F24000
G1 X18.948 Y19.398 Z6.2
G1 Z5.8
G1 E.8 F2400
SET_VELOCITY_LIMIT ACCEL=2000 ACCEL_TO_DECEL=1000 SQUARE_CORNER_VELOCITY=6
;TYPE:Inner wall
G1 F1551.487
G1 X.602 Y19.398 E.58994
G1 X.602 Y.602 E.60441
G1 X19.398 Y.602 E.60441
G1 X19.398 Y19.398 E.60441
G1 X18.988 Y19.398 E.01318
G1 X19.79 Y19.79 F24000
;TYPE:Outer wall
;WIDTH:0.42
G1 F1674.922
G1 X.21 Y19.79 E.58322
G1 X.21 Y.21 E.58322
G1 X19.79 Y.21 E.58322
G1 X19.79 Y19.75 E.58203
SET_VELOCITY_LIMIT ACCEL=8000 ACCEL_TO_DECEL=4000 SQUARE_CORNER_VELOCITY=8
G1 E-.8 F2400
;WIPE_START
G1 F1674.922
G1 X17.79 Y19.754
;WIPE_END
G1 X13.573 Y13.392 Z6.2 F24000
G1 X5.326 Y.95 Z6.2
G1 Z5.8
G1 E.8 F2400
;TYPE:Sparse infill
;WIDTH:0.45
G1 F1551.487
G1 X3.698 Y.95 E.05236
G1 X.95 Y3.698 E.12494
G1 X.95 Y.95 E.08835
G1 X19.05 Y19.05 E.82308
G1 X19.05 Y16.302 E.08835
G1 X16.302 Y19.05 E.12494
G1 X11.374 Y19.05 E.15849
G1 X.95 Y8.626 E.47401
G1 X.95 Y11.374 E.08835
G1 X11.374 Y.95 E.47401
G1 X8.626 Y.95 E.08835
G1 X19.05 Y11.374 E.47401
G1 X19.05 Y8.626 E.08835
M73 P36 R17
G1 X8.626 Y19.05 E.47401
G1 X3.698 Y19.05 E.15849
G1 X.95 Y16.302 E.12494
G1 X.95 Y19.05 E.08835
G1 X19.05 Y.95 E.82308
G1 X16.302 Y.95 E.08835
G1 X19.05 Y3.698 E.12494
G1 X19.05 Y5.326 E.05236
;LAYER_CHANGE
;Z:6
;HEIGHT:0.2
;BEFORE_LAYER_CHANGE
;6
G92 E0

G1 E-.8 F2400
;WIPE_START
G1 F1551.487
G1 X19.05 Y3.698
G1 X18.787 Y3.435
;WIPE_END
EXCLUDE_OBJECT_END NAME=f4002d18-e224-45f4-be44-c8ecfbbb1563.stl_id_0_copy_0
;_SET_FAN_SPEED_CHANGING_LAYER
EXCLUDE_OBJECT_START NAME=f4002d18-e224-45f4-be44-c8ecfbbb1563.stl_id_0_copy_0
G1 X18.864 Y11.067 Z6.4 F24000
G1 X18.948 Y19.398 Z6.4
G1 Z6
G1 E.8 F2400
SET_VELOCITY_LIMIT ACCEL=2000 ACCEL_TO_DECEL=1000 SQUARE_CORNER_VELOCITY=6
;TYPE:Inner wall
G1 F1551.487
G1 X.602 Y19.398 E.58994
G1 X.602 Y.602 E.60441
G1 X19.398 Y.602 E.60441
G1 X19.398 Y19.398 E.60441
G1 X18.988 Y19.398 E.01318
G1 X19.79 Y19.79 F24000
;TYPE:Outer wall
;WIDTH:0.42
G1 F1674.922
G1 X.21 Y19.79 E.58322
G1 X.21 Y.21 E.58322
G1 X19.79 Y.21 E.58322
G1 X19.79 Y19.75 E.58203
SET_VELOCITY_LIMIT ACCEL=8000 ACCEL_TO_DECEL=4000 SQUARE_CORNER_VELOCITY=8
G1 E-.8 F2400
;WIPE_START
G1 F1674.922
G1 X17.79 Y19.754
;WIPE_END
G1 X18.454 Y12.151 Z6.4 F24000
G1 X19.05 Y5.326 Z6.4
G1 Z6
G1 E.8 F2400
;TYPE:Sparse infill
;WIDTH:0.45
G1 F1551.487
G1 X19.05 Y3.698 E.05236
G1 X16.302 Y.95 E.12494
G1 X19.05 Y.95 E.08835
G1 X.95 Y19.05 E.82308
G1 X.95 Y16.302 E.08835
G1 X3.698 Y19.05 E.12494
G1 X8.626 Y19.05 E.15849
G1 X19.05 Y8.626 E.47401
G1 X19.05 Y11.374 E.08835
G1 X8.626 Y.95 E.47401
G1 X11.374 Y.95 E.08835
G1 X.95 Y11.374 E.47401
G1 X.95 Y8.626 E.08835
G1 X11.374 Y19.05 E.47401
G1 X16.302 Y19.05 E.15849
G1 X19.05 Y16.302 E.12494
G1 X19.05 Y19.05 E.08835
G1 X.95 Y.95 E.82308
G1 X.95 Y3.698 E.08835
G1 X3.698 Y.95 E.12494
G1 X5.326 Y.95 E.05236
;LAYER_CHANGE
;Z:6.2
;HEIGHT:0.2
;BEFORE_LAYER_CHANGE
;6.2
G92 E0

G1 E-.8 F2400
;WIPE_START
G1 F1551.487
G1 X3.698 Y.95
G1 X3.435 Y1.213
;WIPE_END
EXCLUDE_OBJECT_END NAME=f4002d18-e224-45f4-be44-c8ecfbbb1563.stl_id_0_copy_0
;_SET_FAN_SPEED_CHANGING_LAYER
EXCLUDE_OBJECT_START NAME=f4002d18-e224-45f4-be44-c8ecfbbb1563.stl_id_0_copy_0
G1 X8.388 Y7.02 Z6.6 F24000
G1 X18.948 Y19.398 Z6.6
G1 Z6.2
G1 E.8 F2400
SET_VELOCITY_LIMIT ACCEL=2000 ACCEL_TO_DECEL=1000 SQUARE_CORNER_VELOCITY=6
;TYPE:Inner wall
G1 F1551.487
G1 X.602 Y19.398 E.58994
G1 X.602 Y.602 E.60441
M73 P37 R17
G1 X19.398 Y.602 E.60441
G1 X19.398 Y19.398 E.60441
G1 X18.988 Y19.398 E.01318
G1 X19.79 Y19.79 F24000
;TYPE:Outer wall
;WIDTH:0.42
G1 F1674.922
G1 X.21 Y19.79 E.58322
G1 X.21 Y.21 E.58322
G1 X19.79 Y.21 E.58322
G1 X19.79 Y19.75 E.58203
SET_VELOCITY_LIMIT ACCEL=8000 ACCEL_TO_DECEL=4000 SQUARE_CORNER_VELOCITY=8
G1 E-.8 F2400
;WIPE_START
G1 F1674.922
G1 X17.79 Y19.754
;WIPE_END
G1 X13.573 Y13.392 Z6.6 F24000
G1 X5.326 Y.95 Z6.6
G1 Z6.2
G1 E.8 F2400
;TYPE:Sparse infill
;WIDTH:0.45
G1 F1551.487
G1 X3.698 Y.95 E.05236
G1 X.95 Y3.698 E.12494
G1 X.95 Y.95 E.08835
G1 X19.05 Y19.05 E.82308
G1 X19.05 Y16.302 E.08835
M73 P37 R16
G1 X16.302 Y19.05 E.12494
G1 X11.374 Y19.05 E.15849
G1 X.95 Y8.626 E.47401
G1 X.95 Y11.374 E.08835
G1 X11.374 Y.95 E.47401
G1 X8.626 Y.95 E.08835
G1 X19.05 Y11.374 E.47401
G1 X19.05 Y8.626 E.08835
G1 X8.626 Y19.05 E.47401
G1 X3.698 Y19.05 E.15849
G1 X.95 Y16.302 E.12494
G1 X.95 Y19.05 E.08835
G1 X19.05 Y.95 E.82308
G1 X16.302 Y.95 E.08835
G1 X19.05 Y3.698 E.12494
G1 X19.05 Y5.326 E.05236
;LAYER_CHANGE
;Z:6.4
;HEIGHT:0.2
;BEFORE_LAYER_CHANGE
;6.4
G92 E0

G1 E-.8 F2400
;WIPE_START
G1 F1551.487
G1 X19.05 Y3.698
G1 X18.787 Y3.435
;WIPE_END
EXCLUDE_OBJECT_END NAME=f4002d18-e224-45f4-be44-c8ecfbbb1563.stl_id_0_copy_0
;_SET_FAN_SPEED_CHANGING_LAYER
EXCLUDE_OBJECT_START NAME=f4002d18-e224-45f4-be44-c8ecfbbb1563.stl_id_0_copy_0
G1 X18.864 Y11.067 Z6.8 F24000
G1 X18.948 Y19.398 Z6.8
G1 Z6.4
G1 E.8 F2400
SET_VELOCITY_LIMIT ACCEL=2000 ACCEL_TO_DECEL=1000 SQUARE_CORNER_VELOCITY=6
;TYPE:Inner wall
G1 F1551.487
G1 X.602 Y19.398 E.58994
G1 X.602 Y.602 E.60441
G1 X19.398 Y.602 E.60441
G1 X19.398 Y19.398 E.60441
G1 X18.988 Y19.398 E.01318
G1 X19.79 Y19.79 F24000
;TYPE:Outer wall
;WIDTH:0.42
G1 F1674.922
G1 X.21 Y19.79 E.58322
G1 X.21 Y.21 E.58322
G1 X19.79 Y.21 E.58322
M73 P38 R16
G1 X19.79 Y19.75 E.58203
SET_VELOCITY_LIMIT ACCEL=8000 ACCEL_TO_DECEL=4000 SQUARE_CORNER_VELOCITY=8
G1 E-.8 F2400
;WIPE_START
G1 F1674.922
G1 X17.79 Y19.754
;WIPE_END
G1 X18.454 Y12.151 Z6.8 F24000
G1 X19.05 Y5.326 Z6.8
G1 Z6.4
G1 E.8 F2400
;TYPE:Sparse infill
;WIDTH:0.45
G1 F1551.487
G1 X19.05 Y3.698 E.05236
G1 X16.302 Y.95 E.12494
G1 X19.05 Y.95 E.08835
G1 X.95 Y19.05 E.82308
G1 X.95 Y16.302 E.08835
G1 X3.698 Y19.05 E.12494
G1 X8.626 Y19.05 E.15849
G1 X19.05 Y8.626 E.47401
G1 X19.05 Y11.374 E.08835
G1 X8.626 Y.95 E.47401
G1 X11.374 Y.95 E.08835
G1 X.95 Y11.374 E.47401
G1 X.95 Y8.626 E.08835
G1 X11.374 Y19.05 E.47401
G1 X16.302 Y19.05 E.15849
G1 X19.05 Y16.302 E.12494
G1 X19.05 Y19.05 E.08835
G1 X.95 Y.95 E.82308
G1 X.95 Y3.698 E.08835
G1 X3.698 Y.95 E.12494
G1 X5.326 Y.95 E.05236
;LAYER_CHANGE
;Z:6.6
;HEIGHT:0.2
;BEFORE_LAYER_CHANGE
;6.6
G92 E0

G1 E-.8 F2400
;WIPE_START
G1 F1551.487
G1 X3.698 Y.95
G1 X3.435 Y1.213
;WIPE_END
EXCLUDE_OBJECT_END NAME=f4002d18-e224-45f4-be44-c8ecfbbb1563.stl_id_0_copy_0
;_SET_FAN_SPEED_CHANGING_LAYER
EXCLUDE_OBJECT_START NAME=f4002d18-e224-45f4-be44-c8ecfbbb1563.stl_id_0_copy_0
G1 X8.388 Y7.02 Z7 F24000
G1 X18.948 Y19.398 Z7
G1 Z6.6
G1 E.8 F2400
SET_VELOCITY_LIMIT ACCEL=2000 ACCEL_TO_DECEL=1000 SQUARE_CORNER_VELOCITY=6
;TYPE:Inner wall
G1 F1551.487
G1 X.602 Y19.398 E.58994
G1 X.602 Y.602 E.60441
G1 X19.398 Y.602 E.60441
G1 X19.398 Y19.398 E.60441
G1 X18.988 Y19.398 E.01318
G1 X19.79 Y19.79 F24000
;TYPE:Outer wall
;WIDTH:0.42
G1 F1674.922
G1 X.21 Y19.79 E.58322
G1 X.21 Y.21 E.58322
G1 X19.79 Y.21 E.58322
G1 X19.79 Y19.75 E.58203
SET_VELOCITY_LIMIT ACCEL=8000 ACCEL_TO_DECEL=4000 SQUARE_CORNER_VELOCITY=8
G1 E-.8 F2400
;WIPE_START
G1 F1674.922
G1 X17.79 Y19.754
;WIPE_END
G1 X13.573 Y13.392 Z7 F24000
G1 X5.326 Y.95 Z7
G1 Z6.6
G1 E.8 F2400
;TYPE:Sparse infill
;WIDTH:0.45
G1 F1551.487
G1 X3.698 Y.95 E.05236
G1 X.95 Y3.698 E.12494
G1 X.95 Y.95 E.08835
G1 X19.05 Y19.05 E.82308
G1 X19.05 Y16.302 E.08835
G1 X16.302 Y19.05 E.12494
G1 X11.374 Y19.05 E.15849
G1 X.95 Y8.626 E.47401
G1 X.95 Y11.374 E.08835
M73 P39 R16
G1 X11.374 Y.95 E.47401
G1 X8.626 Y.95 E.08835
G1 X19.05 Y11.374 E.47401
G1 X19.05 Y8.626 E.08835
G1 X8.626 Y19.05 E.47401
G1 X3.698 Y19.05 E.15849
G1 X.95 Y16.302 E.12494
G1 X.95 Y19.05 E.08835
G1 X19.05 Y.95 E.82308
G1 X16.302 Y.95 E.08835
G1 X19.05 Y3.698 E.12494
G1 X19.05 Y5.326 E.05236
;LAYER_CHANGE
;Z:6.8
;HEIGHT:0.2
;BEFORE_LAYER_CHANGE
;6.8
G92 E0

G1 E-.8 F2400
;WIPE_START
G1 F1551.487
G1 X19.05 Y3.698
G1 X18.787 Y3.435
;WIPE_END
EXCLUDE_OBJECT_END NAME=f4002d18-e224-45f4-be44-c8ecfbbb1563.stl_id_0_copy_0
;_SET_FAN_SPEED_CHANGING_LAYER
EXCLUDE_OBJECT_START NAME=f4002d18-e224-45f4-be44-c8ecfbbb1563.stl_id_0_copy_0
G1 X18.864 Y11.067 Z7.2 F24000
G1 X18.948 Y19.398 Z7.2
G1 Z6.8
G1 E.8 F2400
SET_VELOCITY_LIMIT ACCEL=2000 ACCEL_TO_DECEL=1000 SQUARE_CORNER_VELOCITY=6
;TYPE:Inner wall
G1 F1551.487
G1 X.602 Y19.398 E.58994
G1 X.602 Y.602 E.60441
G1 X19.398 Y.602 E.60441
G1 X19.398 Y19.398 E.60441
G1 X18.988 Y19.398 E.01318
G1 X19.79 Y19.79 F24000
;TYPE:Outer wall
;WIDTH:0.42
G1 F1674.922
G1 X.21 Y19.79 E.58322
G1 X.21 Y.21 E.58322
G1 X19.79 Y.21 E.58322
G1 X19.79 Y19.75 E.58203
SET_VELOCITY_LIMIT ACCEL=8000 ACCEL_TO_DECEL=4000 SQUARE_CORNER_VELOCITY=8
G1 E-.8 F2400
;WIPE_START
G1 F1674.922
G1 X17.79 Y19.754
;WIPE_END
G1 X18.454 Y12.151 Z7.2 F24000
G1 X19.05 Y5.326 Z7.2
G1 Z6.8
G1 E.8 F2400
;TYPE:Sparse infill
;WIDTH:0.45
G1 F1551.487
G1 X19.05 Y3.698 E.05236
G1 X16.302 Y.95 E.12494
G1 X19.05 Y.95 E.08835
G1 X.95 Y19.05 E.82308
G1 X.95 Y16.302 E.08835
G1 X3.698 Y19.05 E.12494
G1 X8.626 Y19.05 E.15849
G1 X19.05 Y8.626 E.47401
G1 X19.05 Y11.374 E.08835
G1 X8.626 Y.95 E.47401
G1 X11.374 Y.95 E.08835
G1 X.95 Y11.374 E.47401
G1 X.95 Y8.626 E.08835
G1 X11.374 Y19.05 E.47401
G1 X16.302 Y19.05 E.15849
G1 X19.05 Y16.302 E.12494
G1 X19.05 Y19.05 E.08835
G1 X.95 Y.95 E.82308
G1 X.95 Y3.698 E.08835
M73 P40 R16
G1 X3.698 Y.95 E.12494
G1 X5.326 Y.95 E.05236
;LAYER_CHANGE
;Z:7
;HEIGHT:0.2
;BEFORE_LAYER_CHANGE
;7
G92 E0

G1 E-.8 F2400
;WIPE_START
G1 F1551.487
G1 X3.698 Y.95
G1 X3.435 Y1.213
;WIPE_END
EXCLUDE_OBJECT_END NAME=f4002d18-e224-45f4-be44-c8ecfbbb1563.stl_id_0_copy_0
;_SET_FAN_SPEED_CHANGING_LAYER
EXCLUDE_OBJECT_START NAME=f4002d18-e224-45f4-be44-c8ecfbbb1563.stl_id_0_copy_0
G1 X8.388 Y7.02 Z7.4 F24000
G1 X18.948 Y19.398 Z7.4
G1 Z7
G1 E.8 F2400
SET_VELOCITY_LIMIT ACCEL=2000 ACCEL_TO_DECEL=1000 SQUARE_CORNER_VELOCITY=6
;TYPE:Inner wall
G1 F1551.487
G1 X.602 Y19.398 E.58994
G1 X.602 Y.602 E.60441
G1 X19.398 Y.602 E.60441
G1 X19.398 Y19.398 E.60441
G1 X18.988 Y19.398 E.01318
G1 X19.79 Y19.79 F24000
;TYPE:Outer wall
;WIDTH:0.42
G1 F1674.922
G1 X.21 Y19.79 E.58322
G1 X.21 Y.21 E.58322
G1 X19.79 Y.21 E.58322
G1 X19.79 Y19.75 E.58203
SET_VELOCITY_LIMIT ACCEL=8000 ACCEL_TO_DECEL=4000 SQUARE_CORNER_VELOCITY=8
G1 E-.8 F2400
;WIPE_START
G1 F1674.922
G1 X17.79 Y19.754
;WIPE_END
G1 X13.573 Y13.392 Z7.4 F24000
G1 X5.326 Y.95 Z7.4
G1 Z7
G1 E.8 F2400
;TYPE:Sparse infill
;WIDTH:0.45
G1 F1551.487
G1 X3.698 Y.95 E.05236
G1 X.95 Y3.698 E.12494
G1 X.95 Y.95 E.08835
G1 X19.05 Y19.05 E.82308
G1 X19.05 Y16.302 E.08835
G1 X16.302 Y19.05 E.12494
G1 X11.374 Y19.05 E.15849
G1 X.95 Y8.626 E.47401
G1 X.95 Y11.374 E.08835
G1 X11.374 Y.95 E.47401
G1 X8.626 Y.95 E.08835
G1 X19.05 Y11.374 E.47401
G1 X19.05 Y8.626 E.08835
G1 X8.626 Y19.05 E.47401
G1 X3.698 Y19.05 E.15849
G1 X.95 Y16.302 E.12494
G1 X.95 Y19.05 E.08835
G1 X19.05 Y.95 E.82308
G1 X16.302 Y.95 E.08835
G1 X19.05 Y3.698 E.12494
G1 X19.05 Y5.326 E.05236
;LAYER_CHANGE
;Z:7.2
;HEIGHT:0.2
;BEFORE_LAYER_CHANGE
;7.2
G92 E0

G1 E-.8 F2400
;WIPE_START
G1 F1551.487
G1 X19.05 Y3.698
G1 X18.787 Y3.435
;WIPE_END
EXCLUDE_OBJECT_END NAME=f4002d18-e224-45f4-be44-c8ecfbbb1563.stl_id_0_copy_0
;_SET_FAN_SPEED_CHANGING_LAYER
EXCLUDE_OBJECT_START NAME=f4002d18-e224-45f4-be44-c8ecfbbb1563.stl_id_0_copy_0
G1 X18.864 Y11.067 Z7.6 F24000
G1 X18.948 Y19.398 Z7.6
G1 Z7.2
G1 E.8 F2400
SET_VELOCITY_LIMIT ACCEL=2000 ACCEL_TO_DECEL=1000 SQUARE_CORNER_VELOCITY=6
;TYPE:Inner wall
G1 F1551.487
G1 X.602 Y19.398 E.58994
G1 X.602 Y.602 E.60441
G1 X19.398 Y.602 E.60441
G1 X19.398 Y19.398 E.60441
G1 X18.988 Y19.398 E.01318
G1 X19.79 Y19.79 F24000
;TYPE:Outer wall
;WIDTH:0.42
G1 F1674.922
G1 X.21 Y19.79 E.58322
G1 X.21 Y.21 E.58322
M73 P41 R16
G1 X19.79 Y.21 E.58322
M73 P41 R15
G1 X19.79 Y19.75 E.58203
SET_VELOCITY_LIMIT ACCEL=8000 ACCEL_TO_DECEL=4000 SQUARE_CORNER_VELOCITY=8
G1 E-.8 F2400
;WIPE_START
G1 F1674.922
G1 X17.79 Y19.754
;WIPE_END
G1 X18.454 Y12.151 Z7.6 F24000
G1 X19.05 Y5.326 Z7.6
G1 Z7.2
G1 E.8 F2400
;TYPE:Sparse infill
;WIDTH:0.45
G1 F1551.487
G1 X19.05 Y3.698 E.05236
G1 X16.302 Y.95 E.12494
G1 X19.05 Y.95 E.08835
G1 X.95 Y19.05 E.82308
G1 X.95 Y16.302 E.08835
G1 X3.698 Y19.05 E.12494
G1 X8.626 Y19.05 E.15849
G1 X19.05 Y8.626 E.47401
G1 X19.05 Y11.374 E.08835
G1 X8.626 Y.95 E.47401
G1 X11.374 Y.95 E.08835
G1 X.95 Y11.374 E.47401
G1 X.95 Y8.626 E.08835
G1 X11.374 Y19.05 E.47401
G1 X16.302 Y19.05 E.15849
G1 X19.05 Y16.302 E.12494
G1 X19.05 Y19.05 E.08835
G1 X.95 Y.95 E.82308
G1 X.95 Y3.698 E.08835
G1 X3.698 Y.95 E.12494
G1 X5.326 Y.95 E.05236
;LAYER_CHANGE
;Z:7.4
;HEIGHT:0.2
;BEFORE_LAYER_CHANGE
;7.4
G92 E0

G1 E-.8 F2400
;WIPE_START
G1 F1551.487
G1 X3.698 Y.95
G1 X3.435 Y1.213
;WIPE_END
EXCLUDE_OBJECT_END NAME=f4002d18-e224-45f4-be44-c8ecfbbb1563.stl_id_0_copy_0
;_SET_FAN_SPEED_CHANGING_LAYER
EXCLUDE_OBJECT_START NAME=f4002d18-e224-45f4-be44-c8ecfbbb1563.stl_id_0_copy_0
G1 X8.388 Y7.02 Z7.8 F24000
G1 X18.948 Y19.398 Z7.8
G1 Z7.4
G1 E.8 F2400
SET_VELOCITY_LIMIT ACCEL=2000 ACCEL_TO_DECEL=1000 SQUARE_CORNER_VELOCITY=6
;TYPE:Inner wall
G1 F1551.487
G1 X.602 Y19.398 E.58994
G1 X.602 Y.602 E.60441
G1 X19.398 Y.602 E.60441
G1 X19.398 Y19.398 E.60441
G1 X18.988 Y19.398 E.01318
G1 X19.79 Y19.79 F24000
;TYPE:Outer wall
;WIDTH:0.42
G1 F1674.922
G1 X.21 Y19.79 E.58322
G1 X.21 Y.21 E.58322
G1 X19.79 Y.21 E.58322
G1 X19.79 Y19.75 E.58203
SET_VELOCITY_LIMIT ACCEL=8000 ACCEL_TO_DECEL=4000 SQUARE_CORNER_VELOCITY=8
G1 E-.8 F2400
;WIPE_START
G1 F1674.922
G1 X17.79 Y19.754
;WIPE_END
G1 X13.573 Y13.392 Z7.8 F24000
G1 X5.326 Y.95 Z7.8
G1 Z7.4
G1 E.8 F2400
;TYPE:Sparse infill
;WIDTH:0.45
G1 F1551.487
G1 X3.698 Y.95 E.05236
G1 X.95 Y3.698 E.12494
G1 X.95 Y.95 E.08835
G1 X19.05 Y19.05 E.82308
G1 X19.05 Y16.302 E.08835
M73 P42 R15
G1 X16.302 Y19.05 E.12494
G1 X11.374 Y19.05 E.15849
G1 X.95 Y8.626 E.47401
G1 X.95 Y11.374 E.08835
G1 X11.374 Y.95 E.47401
G1 X8.626 Y.95 E.08835
G1 X19.05 Y11.374 E.47401
G1 X19.05 Y8.626 E.08835
G1 X8.626 Y19.05 E.47401
G1 X3.698 Y19.05 E.15849
G1 X.95 Y16.302 E.12494
G1 X.95 Y19.05 E.08835
G1 X19.05 Y.95 E.82308
G1 X16.302 Y.95 E.08835
G1 X19.05 Y3.698 E.12494
G1 X19.05 Y5.326 E.05236
;LAYER_CHANGE
;Z:7.6
;HEIGHT:0.2
;BEFORE_LAYER_CHANGE
;7.6
G92 E0

G1 E-.8 F2400
;WIPE_START
G1 F1551.487
G1 X19.05 Y3.698
G1 X18.787 Y3.435
;WIPE_END
EXCLUDE_OBJECT_END NAME=f4002d18-e224-45f4-be44-c8ecfbbb1563.stl_id_0_copy_0
;_SET_FAN_SPEED_CHANGING_LAYER
EXCLUDE_OBJECT_START NAME=f4002d18-e224-45f4-be44-c8ecfbbb1563.stl_id_0_copy_0
G1 X18.864 Y11.067 Z8 F24000
G1 X18.948 Y19.398 Z8
G1 Z7.6
G1 E.8 F2400
SET_VELOCITY_LIMIT ACCEL=2000 ACCEL_TO_DECEL=1000 SQUARE_CORNER_VELOCITY=6
;TYPE:Inner wall
G1 F1551.487
G1 X.602 Y19.398 E.58994
G1 X.602 Y.602 E.60441
G1 X19.398 Y.602 E.60441
G1 X19.398 Y19.398 E.60441
G1 X18.988 Y19.398 E.01318
G1 X19.79 Y19.79 F24000
;TYPE:Outer wall
;WIDTH:0.42
G1 F1674.922
G1 X.21 Y19.79 E.58322
G1 X.21 Y.21 E.58322
G1 X19.79 Y.21 E.58322
G1 X19.79 Y19.75 E.58203
SET_VELOCITY_LIMIT ACCEL=8000 ACCEL_TO_DECEL=4000 SQUARE_CORNER_VELOCITY=8
G1 E-.8 F2400
;WIPE_START
G1 F1674.922
G1 X17.79 Y19.754
;WIPE_END
G1 X18.454 Y12.151 Z8 F24000
G1 X19.05 Y5.326 Z8
G1 Z7.6
G1 E.8 F2400
;TYPE:Sparse infill
;WIDTH:0.45
G1 F1551.487
G1 X19.05 Y3.698 E.05236
G1 X16.302 Y.95 E.12494
G1 X19.05 Y.95 E.08835
G1 X.95 Y19.05 E.82308
G1 X.95 Y16.302 E.08835
G1 X3.698 Y19.05 E.12494
G1 X8.626 Y19.05 E.15849
G1 X19.05 Y8.626 E.47401
G1 X19.05 Y11.374 E.08835
G1 X8.626 Y.95 E.47401
G1 X11.374 Y.95 E.08835
G1 X.95 Y11.374 E.47401
G1 X.95 Y8.626 E.08835
G1 X11.374 Y19.05 E.47401
G1 X16.302 Y19.05 E.15849
G1 X19.05 Y16.302 E.12494
M73 P43 R15
G1 X19.05 Y19.05 E.08835
G1 X.95 Y.95 E.82308
G1 X.95 Y3.698 E.08835
G1 X3.698 Y.95 E.12494
G1 X5.326 Y.95 E.05236
;LAYER_CHANGE
;Z:7.8
;HEIGHT:0.2
;BEFORE_LAYER_CHANGE
;7.8
G92 E0

G1 E-.8 F2400
;WIPE_START
G1 F1551.487
G1 X3.698 Y.95
G1 X3.435 Y1.213
;WIPE_END
EXCLUDE_OBJECT_END NAME=f4002d18-e224-45f4-be44-c8ecfbbb1563.stl_id_0_copy_0
;_SET_FAN_SPEED_CHANGING_LAYER
EXCLUDE_OBJECT_START NAME=f4002d18-e224-45f4-be44-c8ecfbbb1563.stl_id_0_copy_0
G1 X8.388 Y7.02 Z8.2 F24000
G1 X18.948 Y19.398 Z8.2
G1 Z7.8
G1 E.8 F2400
SET_VELOCITY_LIMIT ACCEL=2000 ACCEL_TO_DECEL=1000 SQUARE_CORNER_VELOCITY=6
;TYPE:Inner wall
G1 F1551.487
G1 X.602 Y19.398 E.58994
G1 X.602 Y.602 E.60441
G1 X19.398 Y.602 E.60441
G1 X19.398 Y19.398 E.60441
G1 X18.988 Y19.398 E.01318
G1 X19.79 Y19.79 F24000
;TYPE:Outer wall
;WIDTH:0.42
G1 F1674.922
G1 X.21 Y19.79 E.58322
G1 X.21 Y.21 E.58322
G1 X19.79 Y.21 E.58322
G1 X19.79 Y19.75 E.58203
SET_VELOCITY_LIMIT ACCEL=8000 ACCEL_TO_DECEL=4000 SQUARE_CORNER_VELOCITY=8
G1 E-.8 F2400
;WIPE_START
G1 F1674.922
G1 X17.79 Y19.754
;WIPE_END
G1 X13.573 Y13.392 Z8.2 F24000
G1 X5.326 Y.95 Z8.2
G1 Z7.8
G1 E.8 F2400
;TYPE:Sparse infill
;WIDTH:0.45
G1 F1551.487
G1 X3.698 Y.95 E.05236
G1 X.95 Y3.698 E.12494
G1 X.95 Y.95 E.08835
G1 X19.05 Y19.05 E.82308
G1 X19.05 Y16.302 E.08835
G1 X16.302 Y19.05 E.12494
G1 X11.374 Y19.05 E.15849
G1 X.95 Y8.626 E.47401
G1 X.95 Y11.374 E.08835
G1 X11.374 Y.95 E.47401
G1 X8.626 Y.95 E.08835
G1 X19.05 Y11.374 E.47401
G1 X19.05 Y8.626 E.08835
G1 X8.626 Y19.05 E.47401
G1 X3.698 Y19.05 E.15849
G1 X.95 Y16.302 E.12494
G1 X.95 Y19.05 E.08835
G1 X19.05 Y.95 E.82308
G1 X16.302 Y.95 E.08835
G1 X19.05 Y3.698 E.12494
G1 X19.05 Y5.326 E.05236
;LAYER_CHANGE
;Z:8
;HEIGHT:0.2
;BEFORE_LAYER_CHANGE
;8
G92 E0

G1 E-.8 F2400
;WIPE_START
G1 F1551.487
G1 X19.05 Y3.698
G1 X18.787 Y3.435
;WIPE_END
EXCLUDE_OBJECT_END NAME=f4002d18-e224-45f4-be44-c8ecfbbb1563.stl_id_0_copy_0
;_SET_FAN_SPEED_CHANGING_LAYER
EXCLUDE_OBJECT_START NAME=f4002d18-e224-45f4-be44-c8ecfbbb1563.stl_id_0_copy_0
G1 X18.864 Y11.067 Z8.4 F24000
G1 X18.948 Y19.398 Z8.4
G1 Z8
G1 E.8 F2400
SET_VELOCITY_LIMIT ACCEL=2000 ACCEL_TO_DECEL=1000 SQUARE_CORNER_VELOCITY=6
;TYPE:Inner wall
G1 F1551.487
G1 X.602 Y19.398 E.58994
G1 X.602 Y.602 E.60441
G1 X19.398 Y.602 E.60441
G1 X19.398 Y19.398 E.60441
M73 P44 R15
G1 X18.988 Y19.398 E.01318
G1 X19.79 Y19.79 F24000
;TYPE:Outer wall
;WIDTH:0.42
G1 F1674.922
G1 X.21 Y19.79 E.58322
G1 X.21 Y.21 E.58322
G1 X19.79 Y.21 E.58322
G1 X19.79 Y19.75 E.58203
SET_VELOCITY_LIMIT ACCEL=8000 ACCEL_TO_DECEL=4000 SQUARE_CORNER_VELOCITY=8
G1 E-.8 F2400
;WIPE_START
G1 F1674.922
G1 X17.79 Y19.754
;WIPE_END
G1 X18.454 Y12.151 Z8.4 F24000
G1 X19.05 Y5.326 Z8.4
G1 Z8
G1 E.8 F2400
;TYPE:Sparse infill
;WIDTH:0.45
G1 F1551.487
G1 X19.05 Y3.698 E.05236
G1 X16.302 Y.95 E.12494
G1 X19.05 Y.95 E.08835
G1 X.95 Y19.05 E.82308
G1 X.95 Y16.302 E.08835
G1 X3.698 Y19.05 E.12494
G1 X8.626 Y19.05 E.15849
G1 X19.05 Y8.626 E.47401
G1 X19.05 Y11.374 E.08835
G1 X8.626 Y.95 E.47401
G1 X11.374 Y.95 E.08835
G1 X.95 Y11.374 E.47401
G1 X.95 Y8.626 E.08835
G1 X11.374 Y19.05 E.47401
G1 X16.302 Y19.05 E.15849
G1 X19.05 Y16.302 E.12494
G1 X19.05 Y19.05 E.08835
G1 X.95 Y.95 E.82308
G1 X.95 Y3.698 E.08835
G1 X3.698 Y.95 E.12494
G1 X5.326 Y.95 E.05236
;LAYER_CHANGE
;Z:8.2
;HEIGHT:0.2
;BEFORE_LAYER_CHANGE
;8.2
G92 E0

G1 E-.8 F2400
;WIPE_START
G1 F1551.487
G1 X3.698 Y.95
G1 X3.435 Y1.213
;WIPE_END
EXCLUDE_OBJECT_END NAME=f4002d18-e224-45f4-be44-c8ecfbbb1563.stl_id_0_copy_0
;_SET_FAN_SPEED_CHANGING_LAYER
EXCLUDE_OBJECT_START NAME=f4002d18-e224-45f4-be44-c8ecfbbb1563.stl_id_0_copy_0
G1 X8.388 Y7.02 Z8.6 F24000
G1 X18.948 Y19.398 Z8.6
G1 Z8.2
G1 E.8 F2400
SET_VELOCITY_LIMIT ACCEL=2000 ACCEL_TO_DECEL=1000 SQUARE_CORNER_VELOCITY=6
;TYPE:Inner wall
G1 F1551.487
G1 X.602 Y19.398 E.58994
G1 X.602 Y.602 E.60441
G1 X19.398 Y.602 E.60441
M73 P44 R14
G1 X19.398 Y19.398 E.60441
G1 X18.988 Y19.398 E.01318
G1 X19.79 Y19.79 F24000
;TYPE:Outer wall
;WIDTH:0.42
G1 F1674.922
G1 X.21 Y19.79 E.58322
G1 X.21 Y.21 E.58322
G1 X19.79 Y.21 E.58322
G1 X19.79 Y19.75 E.58203
SET_VELOCITY_LIMIT ACCEL=8000 ACCEL_TO_DECEL=4000 SQUARE_CORNER_VELOCITY=8
G1 E-.8 F2400
M73 P45 R14
;WIPE_START
G1 F1674.922
G1 X17.79 Y19.754
;WIPE_END
G1 X13.573 Y13.392 Z8.6 F24000
G1 X5.326 Y.95 Z8.6
G1 Z8.2
G1 E.8 F2400
;TYPE:Sparse infill
;WIDTH:0.45
G1 F1551.487
G1 X3.698 Y.95 E.05236
G1 X.95 Y3.698 E.12494
G1 X.95 Y.95 E.08835
G1 X19.05 Y19.05 E.82308
G1 X19.05 Y16.302 E.08835
G1 X16.302 Y19.05 E.12494
G1 X11.374 Y19.05 E.15849
G1 X.95 Y8.626 E.47401
G1 X.95 Y11.374 E.08835
G1 X11.374 Y.95 E.47401
G1 X8.626 Y.95 E.08835
G1 X19.05 Y11.374 E.47401
G1 X19.05 Y8.626 E.08835
G1 X8.626 Y19.05 E.47401
G1 X3.698 Y19.05 E.15849
G1 X.95 Y16.302 E.12494
G1 X.95 Y19.05 E.08835
G1 X19.05 Y.95 E.82308
G1 X16.302 Y.95 E.08835
G1 X19.05 Y3.698 E.12494
G1 X19.05 Y5.326 E.05236
;LAYER_CHANGE
;Z:8.4
;HEIGHT:0.2
;BEFORE_LAYER_CHANGE
;8.4
G92 E0

G1 E-.8 F2400
;WIPE_START
G1 F1551.487
G1 X19.05 Y3.698
G1 X18.787 Y3.435
;WIPE_END
EXCLUDE_OBJECT_END NAME=f4002d18-e224-45f4-be44-c8ecfbbb1563.stl_id_0_copy_0
;_SET_FAN_SPEED_CHANGING_LAYER
EXCLUDE_OBJECT_START NAME=f4002d18-e224-45f4-be44-c8ecfbbb1563.stl_id_0_copy_0
G1 X18.864 Y11.067 Z8.8 F24000
G1 X18.948 Y19.398 Z8.8
G1 Z8.4
G1 E.8 F2400
SET_VELOCITY_LIMIT ACCEL=2000 ACCEL_TO_DECEL=1000 SQUARE_CORNER_VELOCITY=6
;TYPE:Inner wall
G1 F1551.487
G1 X.602 Y19.398 E.58994
G1 X.602 Y.602 E.60441
G1 X19.398 Y.602 E.60441
G1 X19.398 Y19.398 E.60441
G1 X18.988 Y19.398 E.01318
G1 X19.79 Y19.79 F24000
;TYPE:Outer wall
;WIDTH:0.42
G1 F1674.922
G1 X.21 Y19.79 E.58322
G1 X.21 Y.21 E.58322
G1 X19.79 Y.21 E.58322
G1 X19.79 Y19.75 E.58203
SET_VELOCITY_LIMIT ACCEL=8000 ACCEL_TO_DECEL=4000 SQUARE_CORNER_VELOCITY=8
G1 E-.8 F2400
;WIPE_START
G1 F1674.922
G1 X17.79 Y19.754
;WIPE_END
G1 X18.454 Y12.151 Z8.8 F24000
G1 X19.05 Y5.326 Z8.8
G1 Z8.4
G1 E.8 F2400
;TYPE:Sparse infill
;WIDTH:0.45
G1 F1551.487
G1 X19.05 Y3.698 E.05236
G1 X16.302 Y.95 E.12494
G1 X19.05 Y.95 E.08835
G1 X.95 Y19.05 E.82308
G1 X.95 Y16.302 E.08835
G1 X3.698 Y19.05 E.12494
G1 X8.626 Y19.05 E.15849
G1 X19.05 Y8.626 E.47401
G1 X19.05 Y11.374 E.08835
G1 X8.626 Y.95 E.47401
G1 X11.374 Y.95 E.08835
G1 X.95 Y11.374 E.47401
G1 X.95 Y8.626 E.08835
M73 P46 R14
G1 X11.374 Y19.05 E.47401
G1 X16.302 Y19.05 E.15849
G1 X19.05 Y16.302 E.12494
G1 X19.05 Y19.05 E.08835
G1 X.95 Y.95 E.82308
G1 X.95 Y3.698 E.08835
G1 X3.698 Y.95 E.12494
G1 X5.326 Y.95 E.05236
;LAYER_CHANGE
;Z:8.6
;HEIGHT:0.200001
;BEFORE_LAYER_CHANGE
;8.6
G92 E0

G1 E-.8 F2400
;WIPE_START
G1 F1551.487
G1 X3.698 Y.95
G1 X3.435 Y1.213
;WIPE_END
EXCLUDE_OBJECT_END NAME=f4002d18-e224-45f4-be44-c8ecfbbb1563.stl_id_0_copy_0
;_SET_FAN_SPEED_CHANGING_LAYER
EXCLUDE_OBJECT_START NAME=f4002d18-e224-45f4-be44-c8ecfbbb1563.stl_id_0_copy_0
G1 X8.388 Y7.02 Z9 F24000
G1 X18.948 Y19.398 Z9
G1 Z8.6
G1 E.8 F2400
SET_VELOCITY_LIMIT ACCEL=2000 ACCEL_TO_DECEL=1000 SQUARE_CORNER_VELOCITY=6
;TYPE:Inner wall
G1 F1551.487
G1 X.602 Y19.398 E.58994
G1 X.602 Y.602 E.60441
G1 X19.398 Y.602 E.60441
G1 X19.398 Y19.398 E.60441
G1 X18.988 Y19.398 E.01318
G1 X19.79 Y19.79 F24000
;TYPE:Outer wall
;WIDTH:0.42
G1 F1674.922
G1 X.21 Y19.79 E.58322
G1 X.21 Y.21 E.58322
G1 X19.79 Y.21 E.58322
G1 X19.79 Y19.75 E.58203
SET_VELOCITY_LIMIT ACCEL=8000 ACCEL_TO_DECEL=4000 SQUARE_CORNER_VELOCITY=8
G1 E-.8 F2400
;WIPE_START
G1 F1674.922
G1 X17.79 Y19.754
;WIPE_END
G1 X13.573 Y13.392 Z9 F24000
G1 X5.326 Y.95 Z9
G1 Z8.6
G1 E.8 F2400
;TYPE:Sparse infill
;WIDTH:0.45
G1 F1551.487
G1 X3.698 Y.95 E.05236
G1 X.95 Y3.698 E.12494
G1 X.95 Y.95 E.08835
G1 X19.05 Y19.05 E.82308
G1 X19.05 Y16.302 E.08835
G1 X16.302 Y19.05 E.12494
G1 X11.374 Y19.05 E.15849
G1 X.95 Y8.626 E.47401
G1 X.95 Y11.374 E.08835
G1 X11.374 Y.95 E.47401
G1 X8.626 Y.95 E.08835
G1 X19.05 Y11.374 E.47401
G1 X19.05 Y8.626 E.08835
G1 X8.626 Y19.05 E.47401
G1 X3.698 Y19.05 E.15849
G1 X.95 Y16.302 E.12494
G1 X.95 Y19.05 E.08835
G1 X19.05 Y.95 E.82308
G1 X16.302 Y.95 E.08835
G1 X19.05 Y3.698 E.12494
G1 X19.05 Y5.326 E.05236
;LAYER_CHANGE
;Z:8.8
;HEIGHT:0.2
;BEFORE_LAYER_CHANGE
;8.8
G92 E0

G1 E-.8 F2400
;WIPE_START
G1 F1551.487
G1 X19.05 Y3.698
G1 X18.787 Y3.435
;WIPE_END
EXCLUDE_OBJECT_END NAME=f4002d18-e224-45f4-be44-c8ecfbbb1563.stl_id_0_copy_0
;_SET_FAN_SPEED_CHANGING_LAYER
EXCLUDE_OBJECT_START NAME=f4002d18-e224-45f4-be44-c8ecfbbb1563.stl_id_0_copy_0
G1 X18.864 Y11.067 Z9.2 F24000
G1 X18.948 Y19.398 Z9.2
G1 Z8.8
G1 E.8 F2400
SET_VELOCITY_LIMIT ACCEL=2000 ACCEL_TO_DECEL=1000 SQUARE_CORNER_VELOCITY=6
;TYPE:Inner wall
G1 F1551.487
G1 X.602 Y19.398 E.58994
G1 X.602 Y.602 E.60441
M73 P47 R14
G1 X19.398 Y.602 E.60441
G1 X19.398 Y19.398 E.60441
G1 X18.988 Y19.398 E.01318
G1 X19.79 Y19.79 F24000
;TYPE:Outer wall
;WIDTH:0.42
G1 F1674.922
G1 X.21 Y19.79 E.58322
G1 X.21 Y.21 E.58322
G1 X19.79 Y.21 E.58322
G1 X19.79 Y19.75 E.58203
SET_VELOCITY_LIMIT ACCEL=8000 ACCEL_TO_DECEL=4000 SQUARE_CORNER_VELOCITY=8
G1 E-.8 F2400
;WIPE_START
G1 F1674.922
G1 X17.79 Y19.754
;WIPE_END
G1 X18.454 Y12.151 Z9.2 F24000
G1 X19.05 Y5.326 Z9.2
G1 Z8.8
G1 E.8 F2400
;TYPE:Sparse infill
;WIDTH:0.45
G1 F1551.487
G1 X19.05 Y3.698 E.05236
G1 X16.302 Y.95 E.12494
G1 X19.05 Y.95 E.08835
G1 X.95 Y19.05 E.82308
G1 X.95 Y16.302 E.08835
G1 X3.698 Y19.05 E.12494
G1 X8.626 Y19.05 E.15849
G1 X19.05 Y8.626 E.47401
G1 X19.05 Y11.374 E.08835
G1 X8.626 Y.95 E.47401
G1 X11.374 Y.95 E.08835
G1 X.95 Y11.374 E.47401
G1 X.95 Y8.626 E.08835
G1 X11.374 Y19.05 E.47401
G1 X16.302 Y19.05 E.15849
G1 X19.05 Y16.302 E.12494
G1 X19.05 Y19.05 E.08835
G1 X.95 Y.95 E.82308
G1 X.95 Y3.698 E.08835
G1 X3.698 Y.95 E.12494
G1 X5.326 Y.95 E.05236
;LAYER_CHANGE
;Z:9
;HEIGHT:0.2
;BEFORE_LAYER_CHANGE
;9
G92 E0

G1 E-.8 F2400
;WIPE_START
G1 F1551.487
G1 X3.698 Y.95
G1 X3.435 Y1.213
;WIPE_END
EXCLUDE_OBJECT_END NAME=f4002d18-e224-45f4-be44-c8ecfbbb1563.stl_id_0_copy_0
;_SET_FAN_SPEED_CHANGING_LAYER
EXCLUDE_OBJECT_START NAME=f4002d18-e224-45f4-be44-c8ecfbbb1563.stl_id_0_copy_0
G1 X8.388 Y7.02 Z9.4 F24000
G1 X18.948 Y19.398 Z9.4
G1 Z9
G1 E.8 F2400
SET_VELOCITY_LIMIT ACCEL=2000 ACCEL_TO_DECEL=1000 SQUARE_CORNER_VELOCITY=6
;TYPE:Inner wall
G1 F1551.487
G1 X.602 Y19.398 E.58994
G1 X.602 Y.602 E.60441
G1 X19.398 Y.602 E.60441
G1 X19.398 Y19.398 E.60441
G1 X18.988 Y19.398 E.01318
G1 X19.79 Y19.79 F24000
;TYPE:Outer wall
;WIDTH:0.42
G1 F1674.922
G1 X.21 Y19.79 E.58322
G1 X.21 Y.21 E.58322
G1 X19.79 Y.21 E.58322
M73 P48 R14
G1 X19.79 Y19.75 E.58203
SET_VELOCITY_LIMIT ACCEL=8000 ACCEL_TO_DECEL=4000 SQUARE_CORNER_VELOCITY=8
G1 E-.8 F2400
;WIPE_START
G1 F1674.922
G1 X17.79 Y19.754
;WIPE_END
G1 X13.573 Y13.392 Z9.4 F24000
G1 X5.326 Y.95 Z9.4
G1 Z9
G1 E.8 F2400
;TYPE:Sparse infill
;WIDTH:0.45
G1 F1551.487
G1 X3.698 Y.95 E.05236
G1 X.95 Y3.698 E.12494
G1 X.95 Y.95 E.08835
G1 X19.05 Y19.05 E.82308
G1 X19.05 Y16.302 E.08835
G1 X16.302 Y19.05 E.12494
G1 X11.374 Y19.05 E.15849
G1 X.95 Y8.626 E.47401
G1 X.95 Y11.374 E.08835
G1 X11.374 Y.95 E.47401
G1 X8.626 Y.95 E.08835
G1 X19.05 Y11.374 E.47401
G1 X19.05 Y8.626 E.08835
G1 X8.626 Y19.05 E.47401
G1 X3.698 Y19.05 E.15849
G1 X.95 Y16.302 E.12494
G1 X.95 Y19.05 E.08835
G1 X19.05 Y.95 E.82308
G1 X16.302 Y.95 E.08835
M73 P48 R13
G1 X19.05 Y3.698 E.12494
G1 X19.05 Y5.326 E.05236
;LAYER_CHANGE
;Z:9.2
;HEIGHT:0.2
;BEFORE_LAYER_CHANGE
;9.2
G92 E0

G1 E-.8 F2400
;WIPE_START
G1 F1551.487
G1 X19.05 Y3.698
G1 X18.787 Y3.435
;WIPE_END
EXCLUDE_OBJECT_END NAME=f4002d18-e224-45f4-be44-c8ecfbbb1563.stl_id_0_copy_0
;_SET_FAN_SPEED_CHANGING_LAYER
EXCLUDE_OBJECT_START NAME=f4002d18-e224-45f4-be44-c8ecfbbb1563.stl_id_0_copy_0
G1 X18.864 Y11.067 Z9.6 F24000
G1 X18.948 Y19.398 Z9.6
G1 Z9.2
G1 E.8 F2400
SET_VELOCITY_LIMIT ACCEL=2000 ACCEL_TO_DECEL=1000 SQUARE_CORNER_VELOCITY=6
;TYPE:Inner wall
G1 F1551.487
G1 X.602 Y19.398 E.58994
G1 X.602 Y.602 E.60441
G1 X19.398 Y.602 E.60441
G1 X19.398 Y19.398 E.60441
G1 X18.988 Y19.398 E.01318
G1 X19.79 Y19.79 F24000
;TYPE:Outer wall
;WIDTH:0.42
G1 F1674.922
G1 X.21 Y19.79 E.58322
G1 X.21 Y.21 E.58322
G1 X19.79 Y.21 E.58322
G1 X19.79 Y19.75 E.58203
SET_VELOCITY_LIMIT ACCEL=8000 ACCEL_TO_DECEL=4000 SQUARE_CORNER_VELOCITY=8
G1 E-.8 F2400
;WIPE_START
G1 F1674.922
G1 X17.79 Y19.754
;WIPE_END
G1 X18.454 Y12.151 Z9.6 F24000
G1 X19.05 Y5.326 Z9.6
G1 Z9.2
G1 E.8 F2400
;TYPE:Sparse infill
;WIDTH:0.45
G1 F1551.487
G1 X19.05 Y3.698 E.05236
G1 X16.302 Y.95 E.12494
G1 X19.05 Y.95 E.08835
G1 X.95 Y19.05 E.82308
G1 X.95 Y16.302 E.08835
G1 X3.698 Y19.05 E.12494
G1 X8.626 Y19.05 E.15849
G1 X19.05 Y8.626 E.47401
G1 X19.05 Y11.374 E.08835
M73 P49 R13
G1 X8.626 Y.95 E.47401
G1 X11.374 Y.95 E.08835
G1 X.95 Y11.374 E.47401
G1 X.95 Y8.626 E.08835
G1 X11.374 Y19.05 E.47401
G1 X16.302 Y19.05 E.15849
G1 X19.05 Y16.302 E.12494
G1 X19.05 Y19.05 E.08835
G1 X.95 Y.95 E.82308
G1 X.95 Y3.698 E.08835
G1 X3.698 Y.95 E.12494
G1 X5.326 Y.95 E.05236
;LAYER_CHANGE
;Z:9.4
;HEIGHT:0.2
;BEFORE_LAYER_CHANGE
;9.4
G92 E0

G1 E-.8 F2400
;WIPE_START
G1 F1551.487
G1 X3.698 Y.95
G1 X3.435 Y1.213
;WIPE_END
EXCLUDE_OBJECT_END NAME=f4002d18-e224-45f4-be44-c8ecfbbb1563.stl_id_0_copy_0
;_SET_FAN_SPEED_CHANGING_LAYER
EXCLUDE_OBJECT_START NAME=f4002d18-e224-45f4-be44-c8ecfbbb1563.stl_id_0_copy_0
G1 X8.388 Y7.02 Z9.8 F24000
G1 X18.948 Y19.398 Z9.8
G1 Z9.4
G1 E.8 F2400
SET_VELOCITY_LIMIT ACCEL=2000 ACCEL_TO_DECEL=1000 SQUARE_CORNER_VELOCITY=6
;TYPE:Inner wall
G1 F1551.487
G1 X.602 Y19.398 E.58994
G1 X.602 Y.602 E.60441
G1 X19.398 Y.602 E.60441
G1 X19.398 Y19.398 E.60441
G1 X18.988 Y19.398 E.01318
G1 X19.79 Y19.79 F24000
;TYPE:Outer wall
;WIDTH:0.42
G1 F1674.922
G1 X.21 Y19.79 E.58322
G1 X.21 Y.21 E.58322
G1 X19.79 Y.21 E.58322
G1 X19.79 Y19.75 E.58203
SET_VELOCITY_LIMIT ACCEL=8000 ACCEL_TO_DECEL=4000 SQUARE_CORNER_VELOCITY=8
G1 E-.8 F2400
;WIPE_START
G1 F1674.922
G1 X17.79 Y19.754
;WIPE_END
G1 X13.573 Y13.392 Z9.8 F24000
G1 X5.326 Y.95 Z9.8
G1 Z9.4
G1 E.8 F2400
;TYPE:Sparse infill
;WIDTH:0.45
G1 F1551.487
G1 X3.698 Y.95 E.05236
G1 X.95 Y3.698 E.12494
G1 X.95 Y.95 E.08835
G1 X19.05 Y19.05 E.82308
G1 X19.05 Y16.302 E.08835
G1 X16.302 Y19.05 E.12494
G1 X11.374 Y19.05 E.15849
G1 X.95 Y8.626 E.47401
G1 X.95 Y11.374 E.08835
G1 X11.374 Y.95 E.47401
G1 X8.626 Y.95 E.08835
G1 X19.05 Y11.374 E.47401
G1 X19.05 Y8.626 E.08835
G1 X8.626 Y19.05 E.47401
G1 X3.698 Y19.05 E.15849
G1 X.95 Y16.302 E.12494
G1 X.95 Y19.05 E.08835
G1 X19.05 Y.95 E.82308
G1 X16.302 Y.95 E.08835
M73 P50 R13
G1 X19.05 Y3.698 E.12494
G1 X19.05 Y5.326 E.05236
;LAYER_CHANGE
;Z:9.6
;HEIGHT:0.200001
;BEFORE_LAYER_CHANGE
;9.6
G92 E0

G1 E-.8 F2400
;WIPE_START
G1 F1551.487
G1 X19.05 Y3.698
G1 X18.787 Y3.435
;WIPE_END
EXCLUDE_OBJECT_END NAME=f4002d18-e224-45f4-be44-c8ecfbbb1563.stl_id_0_copy_0
;_SET_FAN_SPEED_CHANGING_LAYER
EXCLUDE_OBJECT_START NAME=f4002d18-e224-45f4-be44-c8ecfbbb1563.stl_id_0_copy_0
G1 X18.864 Y11.067 Z10 F24000
G1 X18.948 Y19.398 Z10
G1 Z9.6
G1 E.8 F2400
SET_VELOCITY_LIMIT ACCEL=2000 ACCEL_TO_DECEL=1000 SQUARE_CORNER_VELOCITY=6
;TYPE:Inner wall
G1 F1551.487
G1 X.602 Y19.398 E.58994
G1 X.602 Y.602 E.60441
G1 X19.398 Y.602 E.60441
G1 X19.398 Y19.398 E.60441
G1 X18.988 Y19.398 E.01318
G1 X19.79 Y19.79 F24000
;TYPE:Outer wall
;WIDTH:0.42
G1 F1674.922
G1 X.21 Y19.79 E.58322
G1 X.21 Y.21 E.58322
G1 X19.79 Y.21 E.58322
G1 X19.79 Y19.75 E.58203
SET_VELOCITY_LIMIT ACCEL=8000 ACCEL_TO_DECEL=4000 SQUARE_CORNER_VELOCITY=8
G1 E-.8 F2400
;WIPE_START
G1 F1674.922
G1 X17.79 Y19.754
;WIPE_END
G1 X18.454 Y12.151 Z10 F24000
G1 X19.05 Y5.326 Z10
G1 Z9.6
G1 E.8 F2400
;TYPE:Sparse infill
;WIDTH:0.45
G1 F1551.487
G1 X19.05 Y3.698 E.05236
G1 X16.302 Y.95 E.12494
G1 X19.05 Y.95 E.08835
G1 X.95 Y19.05 E.82308
G1 X.95 Y16.302 E.08835
G1 X3.698 Y19.05 E.12494
G1 X8.626 Y19.05 E.15849
G1 X19.05 Y8.626 E.47401
G1 X19.05 Y11.374 E.08835
G1 X8.626 Y.95 E.47401
G1 X11.374 Y.95 E.08835
G1 X.95 Y11.374 E.47401
G1 X.95 Y8.626 E.08835
G1 X11.374 Y19.05 E.47401
G1 X16.302 Y19.05 E.15849
G1 X19.05 Y16.302 E.12494
G1 X19.05 Y19.05 E.08835
G1 X.95 Y.95 E.82308
G1 X.95 Y3.698 E.08835
G1 X3.698 Y.95 E.12494
G1 X5.326 Y.95 E.05236
;LAYER_CHANGE
;Z:9.8
;HEIGHT:0.2
;BEFORE_LAYER_CHANGE
;9.8
G92 E0

G1 E-.8 F2400
;WIPE_START
G1 F1551.487
G1 X3.698 Y.95
G1 X3.435 Y1.213
;WIPE_END
EXCLUDE_OBJECT_END NAME=f4002d18-e224-45f4-be44-c8ecfbbb1563.stl_id_0_copy_0
;_SET_FAN_SPEED_CHANGING_LAYER
EXCLUDE_OBJECT_START NAME=f4002d18-e224-45f4-be44-c8ecfbbb1563.stl_id_0_copy_0
G1 X8.388 Y7.02 Z10.2 F24000
G1 X18.948 Y19.398 Z10.2
G1 Z9.8
G1 E.8 F2400
SET_VELOCITY_LIMIT ACCEL=2000 ACCEL_TO_DECEL=1000 SQUARE_CORNER_VELOCITY=6
;TYPE:Inner wall
G1 F1551.487
G1 X.602 Y19.398 E.58994
G1 X.602 Y.602 E.60441
G1 X19.398 Y.602 E.60441
G1 X19.398 Y19.398 E.60441
G1 X18.988 Y19.398 E.01318
M73 P51 R13
G1 X19.79 Y19.79 F24000
;TYPE:Outer wall
;WIDTH:0.42
G1 F1674.922
G1 X.21 Y19.79 E.58322
G1 X.21 Y.21 E.58322
G1 X19.79 Y.21 E.58322
G1 X19.79 Y19.75 E.58203
SET_VELOCITY_LIMIT ACCEL=8000 ACCEL_TO_DECEL=4000 SQUARE_CORNER_VELOCITY=8
G1 E-.8 F2400
;WIPE_START
G1 F1674.922
G1 X17.79 Y19.754
;WIPE_END
G1 X13.573 Y13.392 Z10.2 F24000
G1 X5.326 Y.95 Z10.2
G1 Z9.8
G1 E.8 F2400
;TYPE:Sparse infill
;WIDTH:0.45
G1 F1551.487
G1 X3.698 Y.95 E.05236
G1 X.95 Y3.698 E.12494
G1 X.95 Y.95 E.08835
G1 X19.05 Y19.05 E.82308
G1 X19.05 Y16.302 E.08835
G1 X16.302 Y19.05 E.12494
G1 X11.374 Y19.05 E.15849
G1 X.95 Y8.626 E.47401
G1 X.95 Y11.374 E.08835
G1 X11.374 Y.95 E.47401
G1 X8.626 Y.95 E.08835
G1 X19.05 Y11.374 E.47401
G1 X19.05 Y8.626 E.08835
G1 X8.626 Y19.05 E.47401
G1 X3.698 Y19.05 E.15849
G1 X.95 Y16.302 E.12494
G1 X.95 Y19.05 E.08835
G1 X19.05 Y.95 E.82308
G1 X16.302 Y.95 E.08835
G1 X19.05 Y3.698 E.12494
G1 X19.05 Y5.326 E.05236
;LAYER_CHANGE
;Z:10
;HEIGHT:0.2
;BEFORE_LAYER_CHANGE
;10
G92 E0

G1 E-.8 F2400
;WIPE_START
G1 F1551.487
G1 X19.05 Y3.698
G1 X18.787 Y3.435
;WIPE_END
EXCLUDE_OBJECT_END NAME=f4002d18-e224-45f4-be44-c8ecfbbb1563.stl_id_0_copy_0
;_SET_FAN_SPEED_CHANGING_LAYER
EXCLUDE_OBJECT_START NAME=f4002d18-e224-45f4-be44-c8ecfbbb1563.stl_id_0_copy_0
G1 X18.864 Y11.067 Z10.4 F24000
G1 X18.948 Y19.398 Z10.4
G1 Z10
G1 E.8 F2400
SET_VELOCITY_LIMIT ACCEL=2000 ACCEL_TO_DECEL=1000 SQUARE_CORNER_VELOCITY=6
;TYPE:Inner wall
G1 F1551.487
G1 X.602 Y19.398 E.58994
G1 X.602 Y.602 E.60441
G1 X19.398 Y.602 E.60441
G1 X19.398 Y19.398 E.60441
G1 X18.988 Y19.398 E.01318
G1 X19.79 Y19.79 F24000
;TYPE:Outer wall
;WIDTH:0.42
G1 F1674.922
G1 X.21 Y19.79 E.58322
G1 X.21 Y.21 E.58322
G1 X19.79 Y.21 E.58322
G1 X19.79 Y19.75 E.58203
SET_VELOCITY_LIMIT ACCEL=8000 ACCEL_TO_DECEL=4000 SQUARE_CORNER_VELOCITY=8
G1 E-.8 F2400
;WIPE_START
G1 F1674.922
G1 X17.79 Y19.754
;WIPE_END
G1 X18.454 Y12.151 Z10.4 F24000
G1 X19.05 Y5.326 Z10.4
G1 Z10
G1 E.8 F2400
;TYPE:Sparse infill
;WIDTH:0.45
G1 F1551.487
G1 X19.05 Y3.698 E.05236
G1 X16.302 Y.95 E.12494
G1 X19.05 Y.95 E.08835
G1 X.95 Y19.05 E.82308
G1 X.95 Y16.302 E.08835
M73 P52 R13
G1 X3.698 Y19.05 E.12494
G1 X8.626 Y19.05 E.15849
G1 X19.05 Y8.626 E.47401
G1 X19.05 Y11.374 E.08835
M73 P52 R12
G1 X8.626 Y.95 E.47401
G1 X11.374 Y.95 E.08835
G1 X.95 Y11.374 E.47401
G1 X.95 Y8.626 E.08835
G1 X11.374 Y19.05 E.47401
G1 X16.302 Y19.05 E.15849
G1 X19.05 Y16.302 E.12494
G1 X19.05 Y19.05 E.08835
G1 X.95 Y.95 E.82308
G1 X.95 Y3.698 E.08835
G1 X3.698 Y.95 E.12494
G1 X5.326 Y.95 E.05236
;LAYER_CHANGE
;Z:10.2
;HEIGHT:0.2
;BEFORE_LAYER_CHANGE
;10.2
G92 E0

G1 E-.8 F2400
;WIPE_START
G1 F1551.487
G1 X3.698 Y.95
G1 X3.435 Y1.213
;WIPE_END
EXCLUDE_OBJECT_END NAME=f4002d18-e224-45f4-be44-c8ecfbbb1563.stl_id_0_copy_0
;_SET_FAN_SPEED_CHANGING_LAYER
EXCLUDE_OBJECT_START NAME=f4002d18-e224-45f4-be44-c8ecfbbb1563.stl_id_0_copy_0
G1 X8.388 Y7.02 Z10.6 F24000
G1 X18.948 Y19.398 Z10.6
G1 Z10.2
G1 E.8 F2400
SET_VELOCITY_LIMIT ACCEL=2000 ACCEL_TO_DECEL=1000 SQUARE_CORNER_VELOCITY=6
;TYPE:Inner wall
G1 F1551.487
G1 X.602 Y19.398 E.58994
G1 X.602 Y.602 E.60441
G1 X19.398 Y.602 E.60441
G1 X19.398 Y19.398 E.60441
G1 X18.988 Y19.398 E.01318
G1 X19.79 Y19.79 F24000
;TYPE:Outer wall
;WIDTH:0.42
G1 F1674.922
G1 X.21 Y19.79 E.58322
G1 X.21 Y.21 E.58322
G1 X19.79 Y.21 E.58322
G1 X19.79 Y19.75 E.58203
SET_VELOCITY_LIMIT ACCEL=8000 ACCEL_TO_DECEL=4000 SQUARE_CORNER_VELOCITY=8
G1 E-.8 F2400
;WIPE_START
G1 F1674.922
G1 X17.79 Y19.754
;WIPE_END
G1 X13.573 Y13.392 Z10.6 F24000
G1 X5.326 Y.95 Z10.6
G1 Z10.2
G1 E.8 F2400
;TYPE:Sparse infill
;WIDTH:0.45
G1 F1551.487
G1 X3.698 Y.95 E.05236
G1 X.95 Y3.698 E.12494
G1 X.95 Y.95 E.08835
G1 X19.05 Y19.05 E.82308
G1 X19.05 Y16.302 E.08835
G1 X16.302 Y19.05 E.12494
G1 X11.374 Y19.05 E.15849
G1 X.95 Y8.626 E.47401
G1 X.95 Y11.374 E.08835
G1 X11.374 Y.95 E.47401
G1 X8.626 Y.95 E.08835
G1 X19.05 Y11.374 E.47401
G1 X19.05 Y8.626 E.08835
G1 X8.626 Y19.05 E.47401
G1 X3.698 Y19.05 E.15849
M73 P53 R12
G1 X.95 Y16.302 E.12494
G1 X.95 Y19.05 E.08835
G1 X19.05 Y.95 E.82308
G1 X16.302 Y.95 E.08835
G1 X19.05 Y3.698 E.12494
G1 X19.05 Y5.326 E.05236
;LAYER_CHANGE
;Z:10.4
;HEIGHT:0.2
;BEFORE_LAYER_CHANGE
;10.4
G92 E0

G1 E-.8 F2400
;WIPE_START
G1 F1551.487
G1 X19.05 Y3.698
G1 X18.787 Y3.435
;WIPE_END
EXCLUDE_OBJECT_END NAME=f4002d18-e224-45f4-be44-c8ecfbbb1563.stl_id_0_copy_0
;_SET_FAN_SPEED_CHANGING_LAYER
EXCLUDE_OBJECT_START NAME=f4002d18-e224-45f4-be44-c8ecfbbb1563.stl_id_0_copy_0
G1 X18.864 Y11.067 Z10.8 F24000
G1 X18.948 Y19.398 Z10.8
G1 Z10.4
G1 E.8 F2400
SET_VELOCITY_LIMIT ACCEL=2000 ACCEL_TO_DECEL=1000 SQUARE_CORNER_VELOCITY=6
;TYPE:Inner wall
G1 F1551.487
G1 X.602 Y19.398 E.58994
G1 X.602 Y.602 E.60441
G1 X19.398 Y.602 E.60441
G1 X19.398 Y19.398 E.60441
G1 X18.988 Y19.398 E.01318
G1 X19.79 Y19.79 F24000
;TYPE:Outer wall
;WIDTH:0.42
G1 F1674.922
G1 X.21 Y19.79 E.58322
G1 X.21 Y.21 E.58322
G1 X19.79 Y.21 E.58322
G1 X19.79 Y19.75 E.58203
SET_VELOCITY_LIMIT ACCEL=8000 ACCEL_TO_DECEL=4000 SQUARE_CORNER_VELOCITY=8
G1 E-.8 F2400
;WIPE_START
G1 F1674.922
G1 X17.79 Y19.754
;WIPE_END
G1 X18.454 Y12.151 Z10.8 F24000
G1 X19.05 Y5.326 Z10.8
G1 Z10.4
G1 E.8 F2400
;TYPE:Sparse infill
;WIDTH:0.45
G1 F1551.487
G1 X19.05 Y3.698 E.05236
G1 X16.302 Y.95 E.12494
G1 X19.05 Y.95 E.08835
G1 X.95 Y19.05 E.82308
G1 X.95 Y16.302 E.08835
G1 X3.698 Y19.05 E.12494
G1 X8.626 Y19.05 E.15849
G1 X19.05 Y8.626 E.47401
G1 X19.05 Y11.374 E.08835
G1 X8.626 Y.95 E.47401
G1 X11.374 Y.95 E.08835
G1 X.95 Y11.374 E.47401
G1 X.95 Y8.626 E.08835
G1 X11.374 Y19.05 E.47401
G1 X16.302 Y19.05 E.15849
G1 X19.05 Y16.302 E.12494
G1 X19.05 Y19.05 E.08835
G1 X.95 Y.95 E.82308
G1 X.95 Y3.698 E.08835
G1 X3.698 Y.95 E.12494
G1 X5.326 Y.95 E.05236
;LAYER_CHANGE
;Z:10.6
;HEIGHT:0.200001
;BEFORE_LAYER_CHANGE
;10.6
G92 E0

G1 E-.8 F2400
;WIPE_START
G1 F1551.487
G1 X3.698 Y.95
G1 X3.435 Y1.213
;WIPE_END
EXCLUDE_OBJECT_END NAME=f4002d18-e224-45f4-be44-c8ecfbbb1563.stl_id_0_copy_0
;_SET_FAN_SPEED_CHANGING_LAYER
EXCLUDE_OBJECT_START NAME=f4002d18-e224-45f4-be44-c8ecfbbb1563.stl_id_0_copy_0
G1 X8.388 Y7.02 Z11 F24000
G1 X18.948 Y19.398 Z11
G1 Z10.6
G1 E.8 F2400
SET_VELOCITY_LIMIT ACCEL=2000 ACCEL_TO_DECEL=1000 SQUARE_CORNER_VELOCITY=6
;TYPE:Inner wall
G1 F1551.487
G1 X.602 Y19.398 E.58994
G1 X.602 Y.602 E.60441
G1 X19.398 Y.602 E.60441
G1 X19.398 Y19.398 E.60441
M73 P54 R12
G1 X18.988 Y19.398 E.01318
G1 X19.79 Y19.79 F24000
;TYPE:Outer wall
;WIDTH:0.42
G1 F1674.922
G1 X.21 Y19.79 E.58322
G1 X.21 Y.21 E.58322
G1 X19.79 Y.21 E.58322
G1 X19.79 Y19.75 E.58203
SET_VELOCITY_LIMIT ACCEL=8000 ACCEL_TO_DECEL=4000 SQUARE_CORNER_VELOCITY=8
G1 E-.8 F2400
;WIPE_START
G1 F1674.922
G1 X17.79 Y19.754
;WIPE_END
G1 X13.573 Y13.392 Z11 F24000
G1 X5.326 Y.95 Z11
G1 Z10.6
G1 E.8 F2400
;TYPE:Sparse infill
;WIDTH:0.45
G1 F1551.487
G1 X3.698 Y.95 E.05236
G1 X.95 Y3.698 E.12494
G1 X.95 Y.95 E.08835
G1 X19.05 Y19.05 E.82308
G1 X19.05 Y16.302 E.08835
G1 X16.302 Y19.05 E.12494
G1 X11.374 Y19.05 E.15849
G1 X.95 Y8.626 E.47401
G1 X.95 Y11.374 E.08835
G1 X11.374 Y.95 E.47401
G1 X8.626 Y.95 E.08835
G1 X19.05 Y11.374 E.47401
G1 X19.05 Y8.626 E.08835
G1 X8.626 Y19.05 E.47401
G1 X3.698 Y19.05 E.15849
G1 X.95 Y16.302 E.12494
G1 X.95 Y19.05 E.08835
G1 X19.05 Y.95 E.82308
G1 X16.302 Y.95 E.08835
G1 X19.05 Y3.698 E.12494
G1 X19.05 Y5.326 E.05236
;LAYER_CHANGE
;Z:10.8
;HEIGHT:0.2
;BEFORE_LAYER_CHANGE
;10.8
G92 E0

G1 E-.8 F2400
;WIPE_START
G1 F1551.487
G1 X19.05 Y3.698
G1 X18.787 Y3.435
;WIPE_END
EXCLUDE_OBJECT_END NAME=f4002d18-e224-45f4-be44-c8ecfbbb1563.stl_id_0_copy_0
;_SET_FAN_SPEED_CHANGING_LAYER
EXCLUDE_OBJECT_START NAME=f4002d18-e224-45f4-be44-c8ecfbbb1563.stl_id_0_copy_0
G1 X18.864 Y11.067 Z11.2 F24000
G1 X18.948 Y19.398 Z11.2
G1 Z10.8
G1 E.8 F2400
SET_VELOCITY_LIMIT ACCEL=2000 ACCEL_TO_DECEL=1000 SQUARE_CORNER_VELOCITY=6
;TYPE:Inner wall
G1 F1551.487
G1 X.602 Y19.398 E.58994
G1 X.602 Y.602 E.60441
G1 X19.398 Y.602 E.60441
G1 X19.398 Y19.398 E.60441
G1 X18.988 Y19.398 E.01318
G1 X19.79 Y19.79 F24000
;TYPE:Outer wall
;WIDTH:0.42
G1 F1674.922
G1 X.21 Y19.79 E.58322
G1 X.21 Y.21 E.58322
G1 X19.79 Y.21 E.58322
G1 X19.79 Y19.75 E.58203
SET_VELOCITY_LIMIT ACCEL=8000 ACCEL_TO_DECEL=4000 SQUARE_CORNER_VELOCITY=8
G1 E-.8 F2400
M73 P55 R12
;WIPE_START
G1 F1674.922
G1 X17.79 Y19.754
;WIPE_END
G1 X18.454 Y12.151 Z11.2 F24000
G1 X19.05 Y5.326 Z11.2
G1 Z10.8
G1 E.8 F2400
;TYPE:Sparse infill
;WIDTH:0.45
G1 F1551.487
G1 X19.05 Y3.698 E.05236
G1 X16.302 Y.95 E.12494
G1 X19.05 Y.95 E.08835
G1 X.95 Y19.05 E.82308
G1 X.95 Y16.302 E.08835
G1 X3.698 Y19.05 E.12494
G1 X8.626 Y19.05 E.15849
G1 X19.05 Y8.626 E.47401
G1 X19.05 Y11.374 E.08835
G1 X8.626 Y.95 E.47401
G1 X11.374 Y.95 E.08835
G1 X.95 Y11.374 E.47401
G1 X.95 Y8.626 E.08835
G1 X11.374 Y19.05 E.47401
G1 X16.302 Y19.05 E.15849
G1 X19.05 Y16.302 E.12494
G1 X19.05 Y19.05 E.08835
G1 X.95 Y.95 E.82308
G1 X.95 Y3.698 E.08835
G1 X3.698 Y.95 E.12494
G1 X5.326 Y.95 E.05236
;LAYER_CHANGE
;Z:11
;HEIGHT:0.2
;BEFORE_LAYER_CHANGE
;11
G92 E0

G1 E-.8 F2400
;WIPE_START
G1 F1551.487
G1 X3.698 Y.95
G1 X3.435 Y1.213
;WIPE_END
EXCLUDE_OBJECT_END NAME=f4002d18-e224-45f4-be44-c8ecfbbb1563.stl_id_0_copy_0
;_SET_FAN_SPEED_CHANGING_LAYER
EXCLUDE_OBJECT_START NAME=f4002d18-e224-45f4-be44-c8ecfbbb1563.stl_id_0_copy_0
G1 X8.388 Y7.02 Z11.4 F24000
G1 X18.948 Y19.398 Z11.4
G1 Z11
G1 E.8 F2400
SET_VELOCITY_LIMIT ACCEL=2000 ACCEL_TO_DECEL=1000 SQUARE_CORNER_VELOCITY=6
;TYPE:Inner wall
G1 F1551.487
G1 X.602 Y19.398 E.58994
G1 X.602 Y.602 E.60441
G1 X19.398 Y.602 E.60441
G1 X19.398 Y19.398 E.60441
G1 X18.988 Y19.398 E.01318
G1 X19.79 Y19.79 F24000
;TYPE:Outer wall
;WIDTH:0.42
G1 F1674.922
G1 X.21 Y19.79 E.58322
G1 X.21 Y.21 E.58322
G1 X19.79 Y.21 E.58322
G1 X19.79 Y19.75 E.58203
SET_VELOCITY_LIMIT ACCEL=8000 ACCEL_TO_DECEL=4000 SQUARE_CORNER_VELOCITY=8
G1 E-.8 F2400
M73 P55 R11
;WIPE_START
G1 F1674.922
G1 X17.79 Y19.754
;WIPE_END
G1 X13.573 Y13.392 Z11.4 F24000
G1 X5.326 Y.95 Z11.4
G1 Z11
G1 E.8 F2400
;TYPE:Sparse infill
;WIDTH:0.45
G1 F1551.487
G1 X3.698 Y.95 E.05236
G1 X.95 Y3.698 E.12494
G1 X.95 Y.95 E.08835
G1 X19.05 Y19.05 E.82308
G1 X19.05 Y16.302 E.08835
G1 X16.302 Y19.05 E.12494
G1 X11.374 Y19.05 E.15849
G1 X.95 Y8.626 E.47401
G1 X.95 Y11.374 E.08835
G1 X11.374 Y.95 E.47401
G1 X8.626 Y.95 E.08835
M73 P56 R11
G1 X19.05 Y11.374 E.47401
G1 X19.05 Y8.626 E.08835
G1 X8.626 Y19.05 E.47401
G1 X3.698 Y19.05 E.15849
G1 X.95 Y16.302 E.12494
G1 X.95 Y19.05 E.08835
G1 X19.05 Y.95 E.82308
G1 X16.302 Y.95 E.08835
G1 X19.05 Y3.698 E.12494
G1 X19.05 Y5.326 E.05236
;LAYER_CHANGE
;Z:11.2
;HEIGHT:0.2
;BEFORE_LAYER_CHANGE
;11.2
G92 E0

G1 E-.8 F2400
;WIPE_START
G1 F1551.487
G1 X19.05 Y3.698
G1 X18.787 Y3.435
;WIPE_END
EXCLUDE_OBJECT_END NAME=f4002d18-e224-45f4-be44-c8ecfbbb1563.stl_id_0_copy_0
;_SET_FAN_SPEED_CHANGING_LAYER
EXCLUDE_OBJECT_START NAME=f4002d18-e224-45f4-be44-c8ecfbbb1563.stl_id_0_copy_0
G1 X18.864 Y11.067 Z11.6 F24000
G1 X18.948 Y19.398 Z11.6
G1 Z11.2
G1 E.8 F2400
SET_VELOCITY_LIMIT ACCEL=2000 ACCEL_TO_DECEL=1000 SQUARE_CORNER_VELOCITY=6
;TYPE:Inner wall
G1 F1551.487
G1 X.602 Y19.398 E.58994
G1 X.602 Y.602 E.60441
G1 X19.398 Y.602 E.60441
G1 X19.398 Y19.398 E.60441
G1 X18.988 Y19.398 E.01318
G1 X19.79 Y19.79 F24000
;TYPE:Outer wall
;WIDTH:0.42
G1 F1674.922
G1 X.21 Y19.79 E.58322
G1 X.21 Y.21 E.58322
G1 X19.79 Y.21 E.58322
G1 X19.79 Y19.75 E.58203
SET_VELOCITY_LIMIT ACCEL=8000 ACCEL_TO_DECEL=4000 SQUARE_CORNER_VELOCITY=8
G1 E-.8 F2400
;WIPE_START
G1 F1674.922
G1 X17.79 Y19.754
;WIPE_END
G1 X18.454 Y12.151 Z11.6 F24000
G1 X19.05 Y5.326 Z11.6
G1 Z11.2
G1 E.8 F2400
;TYPE:Sparse infill
;WIDTH:0.45
G1 F1551.487
G1 X19.05 Y3.698 E.05236
G1 X16.302 Y.95 E.12494
G1 X19.05 Y.95 E.08835
G1 X.95 Y19.05 E.82308
G1 X.95 Y16.302 E.08835
G1 X3.698 Y19.05 E.12494
G1 X8.626 Y19.05 E.15849
G1 X19.05 Y8.626 E.47401
G1 X19.05 Y11.374 E.08835
G1 X8.626 Y.95 E.47401
G1 X11.374 Y.95 E.08835
G1 X.95 Y11.374 E.47401
G1 X.95 Y8.626 E.08835
G1 X11.374 Y19.05 E.47401
G1 X16.302 Y19.05 E.15849
G1 X19.05 Y16.302 E.12494
G1 X19.05 Y19.05 E.08835
G1 X.95 Y.95 E.82308
G1 X.95 Y3.698 E.08835
G1 X3.698 Y.95 E.12494
G1 X5.326 Y.95 E.05236
;LAYER_CHANGE
;Z:11.4
;HEIGHT:0.2
;BEFORE_LAYER_CHANGE
;11.4
G92 E0

G1 E-.8 F2400
;WIPE_START
G1 F1551.487
G1 X3.698 Y.95
G1 X3.435 Y1.213
;WIPE_END
EXCLUDE_OBJECT_END NAME=f4002d18-e224-45f4-be44-c8ecfbbb1563.stl_id_0_copy_0
;_SET_FAN_SPEED_CHANGING_LAYER
EXCLUDE_OBJECT_START NAME=f4002d18-e224-45f4-be44-c8ecfbbb1563.stl_id_0_copy_0
G1 X8.388 Y7.02 Z11.8 F24000
G1 X18.948 Y19.398 Z11.8
G1 Z11.4
G1 E.8 F2400
SET_VELOCITY_LIMIT ACCEL=2000 ACCEL_TO_DECEL=1000 SQUARE_CORNER_VELOCITY=6
;TYPE:Inner wall
G1 F1551.487
G1 X.602 Y19.398 E.58994
G1 X.602 Y.602 E.60441
M73 P57 R11
G1 X19.398 Y.602 E.60441
G1 X19.398 Y19.398 E.60441
G1 X18.988 Y19.398 E.01318
G1 X19.79 Y19.79 F24000
;TYPE:Outer wall
;WIDTH:0.42
G1 F1674.922
G1 X.21 Y19.79 E.58322
G1 X.21 Y.21 E.58322
G1 X19.79 Y.21 E.58322
G1 X19.79 Y19.75 E.58203
SET_VELOCITY_LIMIT ACCEL=8000 ACCEL_TO_DECEL=4000 SQUARE_CORNER_VELOCITY=8
G1 E-.8 F2400
;WIPE_START
G1 F1674.922
G1 X17.79 Y19.754
;WIPE_END
G1 X13.573 Y13.392 Z11.8 F24000
G1 X5.326 Y.95 Z11.8
G1 Z11.4
G1 E.8 F2400
;TYPE:Sparse infill
;WIDTH:0.45
G1 F1551.487
G1 X3.698 Y.95 E.05236
G1 X.95 Y3.698 E.12494
G1 X.95 Y.95 E.08835
G1 X19.05 Y19.05 E.82308
G1 X19.05 Y16.302 E.08835
G1 X16.302 Y19.05 E.12494
G1 X11.374 Y19.05 E.15849
G1 X.95 Y8.626 E.47401
G1 X.95 Y11.374 E.08835
G1 X11.374 Y.95 E.47401
G1 X8.626 Y.95 E.08835
G1 X19.05 Y11.374 E.47401
G1 X19.05 Y8.626 E.08835
G1 X8.626 Y19.05 E.47401
G1 X3.698 Y19.05 E.15849
G1 X.95 Y16.302 E.12494
G1 X.95 Y19.05 E.08835
G1 X19.05 Y.95 E.82308
G1 X16.302 Y.95 E.08835
G1 X19.05 Y3.698 E.12494
G1 X19.05 Y5.326 E.05236
;LAYER_CHANGE
;Z:11.6
;HEIGHT:0.200001
;BEFORE_LAYER_CHANGE
;11.6
G92 E0

G1 E-.8 F2400
;WIPE_START
G1 F1551.487
G1 X19.05 Y3.698
G1 X18.787 Y3.435
;WIPE_END
EXCLUDE_OBJECT_END NAME=f4002d18-e224-45f4-be44-c8ecfbbb1563.stl_id_0_copy_0
;_SET_FAN_SPEED_CHANGING_LAYER
EXCLUDE_OBJECT_START NAME=f4002d18-e224-45f4-be44-c8ecfbbb1563.stl_id_0_copy_0
G1 X18.864 Y11.067 Z12 F24000
G1 X18.948 Y19.398 Z12
G1 Z11.6
G1 E.8 F2400
SET_VELOCITY_LIMIT ACCEL=2000 ACCEL_TO_DECEL=1000 SQUARE_CORNER_VELOCITY=6
;TYPE:Inner wall
G1 F1551.487
G1 X.602 Y19.398 E.58994
G1 X.602 Y.602 E.60441
G1 X19.398 Y.602 E.60441
G1 X19.398 Y19.398 E.60441
G1 X18.988 Y19.398 E.01318
G1 X19.79 Y19.79 F24000
;TYPE:Outer wall
;WIDTH:0.42
G1 F1674.922
G1 X.21 Y19.79 E.58322
G1 X.21 Y.21 E.58322
G1 X19.79 Y.21 E.58322
M73 P58 R11
G1 X19.79 Y19.75 E.58203
SET_VELOCITY_LIMIT ACCEL=8000 ACCEL_TO_DECEL=4000 SQUARE_CORNER_VELOCITY=8
G1 E-.8 F2400
;WIPE_START
G1 F1674.922
G1 X17.79 Y19.754
;WIPE_END
G1 X18.454 Y12.151 Z12 F24000
G1 X19.05 Y5.326 Z12
G1 Z11.6
G1 E.8 F2400
;TYPE:Sparse infill
;WIDTH:0.45
G1 F1551.487
G1 X19.05 Y3.698 E.05236
G1 X16.302 Y.95 E.12494
G1 X19.05 Y.95 E.08835
G1 X.95 Y19.05 E.82308
G1 X.95 Y16.302 E.08835
G1 X3.698 Y19.05 E.12494
G1 X8.626 Y19.05 E.15849
G1 X19.05 Y8.626 E.47401
G1 X19.05 Y11.374 E.08835
G1 X8.626 Y.95 E.47401
G1 X11.374 Y.95 E.08835
G1 X.95 Y11.374 E.47401
G1 X.95 Y8.626 E.08835
G1 X11.374 Y19.05 E.47401
G1 X16.302 Y19.05 E.15849
G1 X19.05 Y16.302 E.12494
G1 X19.05 Y19.05 E.08835
G1 X.95 Y.95 E.82308
G1 X.95 Y3.698 E.08835
G1 X3.698 Y.95 E.12494
G1 X5.326 Y.95 E.05236
;LAYER_CHANGE
;Z:11.8
;HEIGHT:0.2
;BEFORE_LAYER_CHANGE
;11.8
G92 E0

G1 E-.8 F2400
;WIPE_START
G1 F1551.487
G1 X3.698 Y.95
G1 X3.435 Y1.213
;WIPE_END
EXCLUDE_OBJECT_END NAME=f4002d18-e224-45f4-be44-c8ecfbbb1563.stl_id_0_copy_0
;_SET_FAN_SPEED_CHANGING_LAYER
EXCLUDE_OBJECT_START NAME=f4002d18-e224-45f4-be44-c8ecfbbb1563.stl_id_0_copy_0
G1 X8.388 Y7.02 Z12.2 F24000
G1 X18.948 Y19.398 Z12.2
G1 Z11.8
G1 E.8 F2400
SET_VELOCITY_LIMIT ACCEL=2000 ACCEL_TO_DECEL=1000 SQUARE_CORNER_VELOCITY=6
;TYPE:Inner wall
G1 F1551.487
G1 X.602 Y19.398 E.58994
G1 X.602 Y.602 E.60441
G1 X19.398 Y.602 E.60441
G1 X19.398 Y19.398 E.60441
G1 X18.988 Y19.398 E.01318
G1 X19.79 Y19.79 F24000
;TYPE:Outer wall
;WIDTH:0.42
G1 F1674.922
G1 X.21 Y19.79 E.58322
G1 X.21 Y.21 E.58322
G1 X19.79 Y.21 E.58322
G1 X19.79 Y19.75 E.58203
SET_VELOCITY_LIMIT ACCEL=8000 ACCEL_TO_DECEL=4000 SQUARE_CORNER_VELOCITY=8
G1 E-.8 F2400
;WIPE_START
G1 F1674.922
G1 X17.79 Y19.754
;WIPE_END
G1 X13.573 Y13.392 Z12.2 F24000
G1 X5.326 Y.95 Z12.2
G1 Z11.8
G1 E.8 F2400
;TYPE:Sparse infill
;WIDTH:0.45
G1 F1551.487
G1 X3.698 Y.95 E.05236
G1 X.95 Y3.698 E.12494
G1 X.95 Y.95 E.08835
G1 X19.05 Y19.05 E.82308
G1 X19.05 Y16.302 E.08835
G1 X16.302 Y19.05 E.12494
G1 X11.374 Y19.05 E.15849
G1 X.95 Y8.626 E.47401
M73 P59 R11
G1 X.95 Y11.374 E.08835
G1 X11.374 Y.95 E.47401
G1 X8.626 Y.95 E.08835
G1 X19.05 Y11.374 E.47401
G1 X19.05 Y8.626 E.08835
G1 X8.626 Y19.05 E.47401
G1 X3.698 Y19.05 E.15849
G1 X.95 Y16.302 E.12494
G1 X.95 Y19.05 E.08835
G1 X19.05 Y.95 E.82308
G1 X16.302 Y.95 E.08835
G1 X19.05 Y3.698 E.12494
G1 X19.05 Y5.326 E.05236
;LAYER_CHANGE
;Z:12
;HEIGHT:0.2
;BEFORE_LAYER_CHANGE
;12
G92 E0

G1 E-.8 F2400
;WIPE_START
G1 F1551.487
G1 X19.05 Y3.698
G1 X18.787 Y3.435
;WIPE_END
EXCLUDE_OBJECT_END NAME=f4002d18-e224-45f4-be44-c8ecfbbb1563.stl_id_0_copy_0
;_SET_FAN_SPEED_CHANGING_LAYER
EXCLUDE_OBJECT_START NAME=f4002d18-e224-45f4-be44-c8ecfbbb1563.stl_id_0_copy_0
G1 X18.864 Y11.067 Z12.4 F24000
G1 X18.948 Y19.398 Z12.4
G1 Z12
G1 E.8 F2400
SET_VELOCITY_LIMIT ACCEL=2000 ACCEL_TO_DECEL=1000 SQUARE_CORNER_VELOCITY=6
;TYPE:Inner wall
G1 F1551.487
G1 X.602 Y19.398 E.58994
G1 X.602 Y.602 E.60441
G1 X19.398 Y.602 E.60441
G1 X19.398 Y19.398 E.60441
G1 X18.988 Y19.398 E.01318
G1 X19.79 Y19.79 F24000
;TYPE:Outer wall
;WIDTH:0.42
G1 F1674.922
G1 X.21 Y19.79 E.58322
G1 X.21 Y.21 E.58322
M73 P59 R10
G1 X19.79 Y.21 E.58322
G1 X19.79 Y19.75 E.58203
SET_VELOCITY_LIMIT ACCEL=8000 ACCEL_TO_DECEL=4000 SQUARE_CORNER_VELOCITY=8
G1 E-.8 F2400
;WIPE_START
G1 F1674.922
G1 X17.79 Y19.754
;WIPE_END
G1 X18.454 Y12.151 Z12.4 F24000
G1 X19.05 Y5.326 Z12.4
G1 Z12
G1 E.8 F2400
;TYPE:Sparse infill
;WIDTH:0.45
G1 F1551.487
G1 X19.05 Y3.698 E.05236
G1 X16.302 Y.95 E.12494
G1 X19.05 Y.95 E.08835
G1 X.95 Y19.05 E.82308
G1 X.95 Y16.302 E.08835
G1 X3.698 Y19.05 E.12494
G1 X8.626 Y19.05 E.15849
G1 X19.05 Y8.626 E.47401
G1 X19.05 Y11.374 E.08835
G1 X8.626 Y.95 E.47401
G1 X11.374 Y.95 E.08835
G1 X.95 Y11.374 E.47401
G1 X.95 Y8.626 E.08835
G1 X11.374 Y19.05 E.47401
G1 X16.302 Y19.05 E.15849
G1 X19.05 Y16.302 E.12494
G1 X19.05 Y19.05 E.08835
G1 X.95 Y.95 E.82308
G1 X.95 Y3.698 E.08835
M73 P60 R10
G1 X3.698 Y.95 E.12494
G1 X5.326 Y.95 E.05236
;LAYER_CHANGE
;Z:12.2
;HEIGHT:0.2
;BEFORE_LAYER_CHANGE
;12.2
G92 E0

G1 E-.8 F2400
;WIPE_START
G1 F1551.487
G1 X3.698 Y.95
G1 X3.435 Y1.213
;WIPE_END
EXCLUDE_OBJECT_END NAME=f4002d18-e224-45f4-be44-c8ecfbbb1563.stl_id_0_copy_0
;_SET_FAN_SPEED_CHANGING_LAYER
EXCLUDE_OBJECT_START NAME=f4002d18-e224-45f4-be44-c8ecfbbb1563.stl_id_0_copy_0
G1 X8.388 Y7.02 Z12.6 F24000
G1 X18.948 Y19.398 Z12.6
G1 Z12.2
G1 E.8 F2400
SET_VELOCITY_LIMIT ACCEL=2000 ACCEL_TO_DECEL=1000 SQUARE_CORNER_VELOCITY=6
;TYPE:Inner wall
G1 F1551.487
G1 X.602 Y19.398 E.58994
G1 X.602 Y.602 E.60441
G1 X19.398 Y.602 E.60441
G1 X19.398 Y19.398 E.60441
G1 X18.988 Y19.398 E.01318
G1 X19.79 Y19.79 F24000
;TYPE:Outer wall
;WIDTH:0.42
G1 F1674.922
G1 X.21 Y19.79 E.58322
G1 X.21 Y.21 E.58322
G1 X19.79 Y.21 E.58322
G1 X19.79 Y19.75 E.58203
SET_VELOCITY_LIMIT ACCEL=8000 ACCEL_TO_DECEL=4000 SQUARE_CORNER_VELOCITY=8
G1 E-.8 F2400
;WIPE_START
G1 F1674.922
G1 X17.79 Y19.754
;WIPE_END
G1 X13.573 Y13.392 Z12.6 F24000
G1 X5.326 Y.95 Z12.6
G1 Z12.2
G1 E.8 F2400
;TYPE:Sparse infill
;WIDTH:0.45
G1 F1551.487
G1 X3.698 Y.95 E.05236
G1 X.95 Y3.698 E.12494
G1 X.95 Y.95 E.08835
G1 X19.05 Y19.05 E.82308
G1 X19.05 Y16.302 E.08835
G1 X16.302 Y19.05 E.12494
G1 X11.374 Y19.05 E.15849
G1 X.95 Y8.626 E.47401
G1 X.95 Y11.374 E.08835
G1 X11.374 Y.95 E.47401
G1 X8.626 Y.95 E.08835
G1 X19.05 Y11.374 E.47401
G1 X19.05 Y8.626 E.08835
G1 X8.626 Y19.05 E.47401
G1 X3.698 Y19.05 E.15849
G1 X.95 Y16.302 E.12494
G1 X.95 Y19.05 E.08835
G1 X19.05 Y.95 E.82308
G1 X16.302 Y.95 E.08835
G1 X19.05 Y3.698 E.12494
G1 X19.05 Y5.326 E.05236
;LAYER_CHANGE
;Z:12.4
;HEIGHT:0.2
;BEFORE_LAYER_CHANGE
;12.4
G92 E0

G1 E-.8 F2400
;WIPE_START
G1 F1551.487
G1 X19.05 Y3.698
G1 X18.787 Y3.435
;WIPE_END
EXCLUDE_OBJECT_END NAME=f4002d18-e224-45f4-be44-c8ecfbbb1563.stl_id_0_copy_0
;_SET_FAN_SPEED_CHANGING_LAYER
EXCLUDE_OBJECT_START NAME=f4002d18-e224-45f4-be44-c8ecfbbb1563.stl_id_0_copy_0
G1 X18.864 Y11.067 Z12.8 F24000
G1 X18.948 Y19.398 Z12.8
G1 Z12.4
G1 E.8 F2400
SET_VELOCITY_LIMIT ACCEL=2000 ACCEL_TO_DECEL=1000 SQUARE_CORNER_VELOCITY=6
;TYPE:Inner wall
G1 F1551.487
G1 X.602 Y19.398 E.58994
G1 X.602 Y.602 E.60441
G1 X19.398 Y.602 E.60441
G1 X19.398 Y19.398 E.60441
G1 X18.988 Y19.398 E.01318
M73 P61 R10
G1 X19.79 Y19.79 F24000
;TYPE:Outer wall
;WIDTH:0.42
G1 F1674.922
G1 X.21 Y19.79 E.58322
G1 X.21 Y.21 E.58322
G1 X19.79 Y.21 E.58322
G1 X19.79 Y19.75 E.58203
SET_VELOCITY_LIMIT ACCEL=8000 ACCEL_TO_DECEL=4000 SQUARE_CORNER_VELOCITY=8
G1 E-.8 F2400
;WIPE_START
G1 F1674.922
G1 X17.79 Y19.754
;WIPE_END
G1 X18.454 Y12.151 Z12.8 F24000
G1 X19.05 Y5.326 Z12.8
G1 Z12.4
G1 E.8 F2400
;TYPE:Sparse infill
;WIDTH:0.45
G1 F1551.487
G1 X19.05 Y3.698 E.05236
G1 X16.302 Y.95 E.12494
G1 X19.05 Y.95 E.08835
G1 X.95 Y19.05 E.82308
G1 X.95 Y16.302 E.08835
G1 X3.698 Y19.05 E.12494
G1 X8.626 Y19.05 E.15849
G1 X19.05 Y8.626 E.47401
G1 X19.05 Y11.374 E.08835
G1 X8.626 Y.95 E.47401
G1 X11.374 Y.95 E.08835
G1 X.95 Y11.374 E.47401
G1 X.95 Y8.626 E.08835
G1 X11.374 Y19.05 E.47401
G1 X16.302 Y19.05 E.15849
G1 X19.05 Y16.302 E.12494
G1 X19.05 Y19.05 E.08835
G1 X.95 Y.95 E.82308
G1 X.95 Y3.698 E.08835
G1 X3.698 Y.95 E.12494
G1 X5.326 Y.95 E.05236
;LAYER_CHANGE
;Z:12.6
;HEIGHT:0.200001
;BEFORE_LAYER_CHANGE
;12.6
G92 E0

G1 E-.8 F2400
;WIPE_START
G1 F1551.487
G1 X3.698 Y.95
G1 X3.435 Y1.213
;WIPE_END
EXCLUDE_OBJECT_END NAME=f4002d18-e224-45f4-be44-c8ecfbbb1563.stl_id_0_copy_0
;_SET_FAN_SPEED_CHANGING_LAYER
EXCLUDE_OBJECT_START NAME=f4002d18-e224-45f4-be44-c8ecfbbb1563.stl_id_0_copy_0
G1 X8.388 Y7.02 Z13 F24000
G1 X18.948 Y19.398 Z13
G1 Z12.6
G1 E.8 F2400
SET_VELOCITY_LIMIT ACCEL=2000 ACCEL_TO_DECEL=1000 SQUARE_CORNER_VELOCITY=6
;TYPE:Inner wall
G1 F1551.487
G1 X.602 Y19.398 E.58994
G1 X.602 Y.602 E.60441
G1 X19.398 Y.602 E.60441
G1 X19.398 Y19.398 E.60441
G1 X18.988 Y19.398 E.01318
G1 X19.79 Y19.79 F24000
;TYPE:Outer wall
;WIDTH:0.42
G1 F1674.922
G1 X.21 Y19.79 E.58322
G1 X.21 Y.21 E.58322
G1 X19.79 Y.21 E.58322
G1 X19.79 Y19.75 E.58203
SET_VELOCITY_LIMIT ACCEL=8000 ACCEL_TO_DECEL=4000 SQUARE_CORNER_VELOCITY=8
G1 E-.8 F2400
;WIPE_START
G1 F1674.922
G1 X17.79 Y19.754
;WIPE_END
G1 X13.573 Y13.392 Z13 F24000
G1 X5.326 Y.95 Z13
G1 Z12.6
G1 E.8 F2400
;TYPE:Sparse infill
;WIDTH:0.45
G1 F1551.487
G1 X3.698 Y.95 E.05236
G1 X.95 Y3.698 E.12494
G1 X.95 Y.95 E.08835
G1 X19.05 Y19.05 E.82308
M73 P62 R10
G1 X19.05 Y16.302 E.08835
G1 X16.302 Y19.05 E.12494
G1 X11.374 Y19.05 E.15849
G1 X.95 Y8.626 E.47401
G1 X.95 Y11.374 E.08835
G1 X11.374 Y.95 E.47401
G1 X8.626 Y.95 E.08835
G1 X19.05 Y11.374 E.47401
G1 X19.05 Y8.626 E.08835
G1 X8.626 Y19.05 E.47401
G1 X3.698 Y19.05 E.15849
G1 X.95 Y16.302 E.12494
G1 X.95 Y19.05 E.08835
G1 X19.05 Y.95 E.82308
G1 X16.302 Y.95 E.08835
G1 X19.05 Y3.698 E.12494
G1 X19.05 Y5.326 E.05236
;LAYER_CHANGE
;Z:12.8
;HEIGHT:0.2
;BEFORE_LAYER_CHANGE
;12.8
G92 E0

G1 E-.8 F2400
;WIPE_START
G1 F1551.487
G1 X19.05 Y3.698
G1 X18.787 Y3.435
;WIPE_END
EXCLUDE_OBJECT_END NAME=f4002d18-e224-45f4-be44-c8ecfbbb1563.stl_id_0_copy_0
;_SET_FAN_SPEED_CHANGING_LAYER
EXCLUDE_OBJECT_START NAME=f4002d18-e224-45f4-be44-c8ecfbbb1563.stl_id_0_copy_0
G1 X18.864 Y11.067 Z13.2 F24000
G1 X18.948 Y19.398 Z13.2
G1 Z12.8
G1 E.8 F2400
SET_VELOCITY_LIMIT ACCEL=2000 ACCEL_TO_DECEL=1000 SQUARE_CORNER_VELOCITY=6
;TYPE:Inner wall
G1 F1551.487
G1 X.602 Y19.398 E.58994
G1 X.602 Y.602 E.60441
G1 X19.398 Y.602 E.60441
G1 X19.398 Y19.398 E.60441
G1 X18.988 Y19.398 E.01318
G1 X19.79 Y19.79 F24000
;TYPE:Outer wall
;WIDTH:0.42
G1 F1674.922
G1 X.21 Y19.79 E.58322
G1 X.21 Y.21 E.58322
G1 X19.79 Y.21 E.58322
G1 X19.79 Y19.75 E.58203
SET_VELOCITY_LIMIT ACCEL=8000 ACCEL_TO_DECEL=4000 SQUARE_CORNER_VELOCITY=8
G1 E-.8 F2400
;WIPE_START
G1 F1674.922
G1 X17.79 Y19.754
;WIPE_END
G1 X18.454 Y12.151 Z13.2 F24000
G1 X19.05 Y5.326 Z13.2
G1 Z12.8
G1 E.8 F2400
;TYPE:Sparse infill
;WIDTH:0.45
G1 F1551.487
G1 X19.05 Y3.698 E.05236
G1 X16.302 Y.95 E.12494
G1 X19.05 Y.95 E.08835
G1 X.95 Y19.05 E.82308
G1 X.95 Y16.302 E.08835
G1 X3.698 Y19.05 E.12494
G1 X8.626 Y19.05 E.15849
G1 X19.05 Y8.626 E.47401
G1 X19.05 Y11.374 E.08835
G1 X8.626 Y.95 E.47401
G1 X11.374 Y.95 E.08835
G1 X.95 Y11.374 E.47401
G1 X.95 Y8.626 E.08835
G1 X11.374 Y19.05 E.47401
G1 X16.302 Y19.05 E.15849
M73 P63 R10
G1 X19.05 Y16.302 E.12494
G1 X19.05 Y19.05 E.08835
G1 X.95 Y.95 E.82308
G1 X.95 Y3.698 E.08835
G1 X3.698 Y.95 E.12494
G1 X5.326 Y.95 E.05236
;LAYER_CHANGE
;Z:13
;HEIGHT:0.2
;BEFORE_LAYER_CHANGE
;13
G92 E0

G1 E-.8 F2400
;WIPE_START
G1 F1551.487
G1 X3.698 Y.95
G1 X3.435 Y1.213
;WIPE_END
EXCLUDE_OBJECT_END NAME=f4002d18-e224-45f4-be44-c8ecfbbb1563.stl_id_0_copy_0
;_SET_FAN_SPEED_CHANGING_LAYER
EXCLUDE_OBJECT_START NAME=f4002d18-e224-45f4-be44-c8ecfbbb1563.stl_id_0_copy_0
G1 X8.388 Y7.02 Z13.4 F24000
G1 X18.948 Y19.398 Z13.4
G1 Z13
G1 E.8 F2400
SET_VELOCITY_LIMIT ACCEL=2000 ACCEL_TO_DECEL=1000 SQUARE_CORNER_VELOCITY=6
;TYPE:Inner wall
G1 F1551.487
G1 X.602 Y19.398 E.58994
G1 X.602 Y.602 E.60441
M73 P63 R9
G1 X19.398 Y.602 E.60441
G1 X19.398 Y19.398 E.60441
G1 X18.988 Y19.398 E.01318
G1 X19.79 Y19.79 F24000
;TYPE:Outer wall
;WIDTH:0.42
G1 F1674.922
G1 X.21 Y19.79 E.58322
G1 X.21 Y.21 E.58322
G1 X19.79 Y.21 E.58322
G1 X19.79 Y19.75 E.58203
SET_VELOCITY_LIMIT ACCEL=8000 ACCEL_TO_DECEL=4000 SQUARE_CORNER_VELOCITY=8
G1 E-.8 F2400
;WIPE_START
G1 F1674.922
G1 X17.79 Y19.754
;WIPE_END
G1 X13.573 Y13.392 Z13.4 F24000
G1 X5.326 Y.95 Z13.4
G1 Z13
G1 E.8 F2400
;TYPE:Sparse infill
;WIDTH:0.45
G1 F1551.487
G1 X3.698 Y.95 E.05236
G1 X.95 Y3.698 E.12494
G1 X.95 Y.95 E.08835
G1 X19.05 Y19.05 E.82308
G1 X19.05 Y16.302 E.08835
G1 X16.302 Y19.05 E.12494
G1 X11.374 Y19.05 E.15849
G1 X.95 Y8.626 E.47401
G1 X.95 Y11.374 E.08835
G1 X11.374 Y.95 E.47401
G1 X8.626 Y.95 E.08835
G1 X19.05 Y11.374 E.47401
G1 X19.05 Y8.626 E.08835
G1 X8.626 Y19.05 E.47401
G1 X3.698 Y19.05 E.15849
G1 X.95 Y16.302 E.12494
G1 X.95 Y19.05 E.08835
G1 X19.05 Y.95 E.82308
G1 X16.302 Y.95 E.08835
G1 X19.05 Y3.698 E.12494
G1 X19.05 Y5.326 E.05236
;LAYER_CHANGE
;Z:13.2
;HEIGHT:0.2
;BEFORE_LAYER_CHANGE
;13.2
G92 E0

G1 E-.8 F2400
;WIPE_START
G1 F1551.487
G1 X19.05 Y3.698
G1 X18.787 Y3.435
;WIPE_END
EXCLUDE_OBJECT_END NAME=f4002d18-e224-45f4-be44-c8ecfbbb1563.stl_id_0_copy_0
;_SET_FAN_SPEED_CHANGING_LAYER
EXCLUDE_OBJECT_START NAME=f4002d18-e224-45f4-be44-c8ecfbbb1563.stl_id_0_copy_0
G1 X18.864 Y11.067 Z13.6 F24000
G1 X18.948 Y19.398 Z13.6
G1 Z13.2
G1 E.8 F2400
SET_VELOCITY_LIMIT ACCEL=2000 ACCEL_TO_DECEL=1000 SQUARE_CORNER_VELOCITY=6
;TYPE:Inner wall
G1 F1551.487
G1 X.602 Y19.398 E.58994
G1 X.602 Y.602 E.60441
G1 X19.398 Y.602 E.60441
M73 P64 R9
G1 X19.398 Y19.398 E.60441
G1 X18.988 Y19.398 E.01318
G1 X19.79 Y19.79 F24000
;TYPE:Outer wall
;WIDTH:0.42
G1 F1674.922
G1 X.21 Y19.79 E.58322
G1 X.21 Y.21 E.58322
G1 X19.79 Y.21 E.58322
G1 X19.79 Y19.75 E.58203
SET_VELOCITY_LIMIT ACCEL=8000 ACCEL_TO_DECEL=4000 SQUARE_CORNER_VELOCITY=8
G1 E-.8 F2400
;WIPE_START
G1 F1674.922
G1 X17.79 Y19.754
;WIPE_END
G1 X18.454 Y12.151 Z13.6 F24000
G1 X19.05 Y5.326 Z13.6
G1 Z13.2
G1 E.8 F2400
;TYPE:Sparse infill
;WIDTH:0.45
G1 F1551.487
G1 X19.05 Y3.698 E.05236
G1 X16.302 Y.95 E.12494
G1 X19.05 Y.95 E.08835
G1 X.95 Y19.05 E.82308
G1 X.95 Y16.302 E.08835
G1 X3.698 Y19.05 E.12494
G1 X8.626 Y19.05 E.15849
G1 X19.05 Y8.626 E.47401
G1 X19.05 Y11.374 E.08835
G1 X8.626 Y.95 E.47401
G1 X11.374 Y.95 E.08835
G1 X.95 Y11.374 E.47401
G1 X.95 Y8.626 E.08835
G1 X11.374 Y19.05 E.47401
G1 X16.302 Y19.05 E.15849
G1 X19.05 Y16.302 E.12494
G1 X19.05 Y19.05 E.08835
G1 X.95 Y.95 E.82308
G1 X.95 Y3.698 E.08835
G1 X3.698 Y.95 E.12494
G1 X5.326 Y.95 E.05236
;LAYER_CHANGE
;Z:13.4
;HEIGHT:0.2
;BEFORE_LAYER_CHANGE
;13.4
G92 E0

G1 E-.8 F2400
;WIPE_START
G1 F1551.487
G1 X3.698 Y.95
G1 X3.435 Y1.213
;WIPE_END
EXCLUDE_OBJECT_END NAME=f4002d18-e224-45f4-be44-c8ecfbbb1563.stl_id_0_copy_0
;_SET_FAN_SPEED_CHANGING_LAYER
EXCLUDE_OBJECT_START NAME=f4002d18-e224-45f4-be44-c8ecfbbb1563.stl_id_0_copy_0
G1 X8.388 Y7.02 Z13.8 F24000
G1 X18.948 Y19.398 Z13.8
G1 Z13.4
G1 E.8 F2400
SET_VELOCITY_LIMIT ACCEL=2000 ACCEL_TO_DECEL=1000 SQUARE_CORNER_VELOCITY=6
;TYPE:Inner wall
G1 F1551.487
G1 X.602 Y19.398 E.58994
G1 X.602 Y.602 E.60441
G1 X19.398 Y.602 E.60441
G1 X19.398 Y19.398 E.60441
G1 X18.988 Y19.398 E.01318
G1 X19.79 Y19.79 F24000
;TYPE:Outer wall
;WIDTH:0.42
G1 F1674.922
G1 X.21 Y19.79 E.58322
G1 X.21 Y.21 E.58322
G1 X19.79 Y.21 E.58322
G1 X19.79 Y19.75 E.58203
M73 P65 R9
SET_VELOCITY_LIMIT ACCEL=8000 ACCEL_TO_DECEL=4000 SQUARE_CORNER_VELOCITY=8
G1 E-.8 F2400
;WIPE_START
G1 F1674.922
G1 X17.79 Y19.754
;WIPE_END
G1 X13.573 Y13.392 Z13.8 F24000
G1 X5.326 Y.95 Z13.8
G1 Z13.4
G1 E.8 F2400
;TYPE:Sparse infill
;WIDTH:0.45
G1 F1551.487
G1 X3.698 Y.95 E.05236
G1 X.95 Y3.698 E.12494
G1 X.95 Y.95 E.08835
G1 X19.05 Y19.05 E.82308
G1 X19.05 Y16.302 E.08835
G1 X16.302 Y19.05 E.12494
G1 X11.374 Y19.05 E.15849
G1 X.95 Y8.626 E.47401
G1 X.95 Y11.374 E.08835
G1 X11.374 Y.95 E.47401
G1 X8.626 Y.95 E.08835
G1 X19.05 Y11.374 E.47401
G1 X19.05 Y8.626 E.08835
G1 X8.626 Y19.05 E.47401
G1 X3.698 Y19.05 E.15849
G1 X.95 Y16.302 E.12494
G1 X.95 Y19.05 E.08835
G1 X19.05 Y.95 E.82308
G1 X16.302 Y.95 E.08835
G1 X19.05 Y3.698 E.12494
G1 X19.05 Y5.326 E.05236
;LAYER_CHANGE
;Z:13.6
;HEIGHT:0.200001
;BEFORE_LAYER_CHANGE
;13.6
G92 E0

G1 E-.8 F2400
;WIPE_START
G1 F1551.487
G1 X19.05 Y3.698
G1 X18.787 Y3.435
;WIPE_END
EXCLUDE_OBJECT_END NAME=f4002d18-e224-45f4-be44-c8ecfbbb1563.stl_id_0_copy_0
;_SET_FAN_SPEED_CHANGING_LAYER
EXCLUDE_OBJECT_START NAME=f4002d18-e224-45f4-be44-c8ecfbbb1563.stl_id_0_copy_0
G1 X18.864 Y11.067 Z14 F24000
G1 X18.948 Y19.398 Z14
G1 Z13.6
G1 E.8 F2400
SET_VELOCITY_LIMIT ACCEL=2000 ACCEL_TO_DECEL=1000 SQUARE_CORNER_VELOCITY=6
;TYPE:Inner wall
G1 F1551.487
G1 X.602 Y19.398 E.58994
G1 X.602 Y.602 E.60441
G1 X19.398 Y.602 E.60441
G1 X19.398 Y19.398 E.60441
G1 X18.988 Y19.398 E.01318
G1 X19.79 Y19.79 F24000
;TYPE:Outer wall
;WIDTH:0.42
G1 F1674.922
G1 X.21 Y19.79 E.58322
G1 X.21 Y.21 E.58322
G1 X19.79 Y.21 E.58322
G1 X19.79 Y19.75 E.58203
SET_VELOCITY_LIMIT ACCEL=8000 ACCEL_TO_DECEL=4000 SQUARE_CORNER_VELOCITY=8
G1 E-.8 F2400
;WIPE_START
G1 F1674.922
G1 X17.79 Y19.754
;WIPE_END
G1 X18.454 Y12.151 Z14 F24000
G1 X19.05 Y5.326 Z14
G1 Z13.6
G1 E.8 F2400
;TYPE:Sparse infill
;WIDTH:0.45
G1 F1551.487
G1 X19.05 Y3.698 E.05236
G1 X16.302 Y.95 E.12494
G1 X19.05 Y.95 E.08835
G1 X.95 Y19.05 E.82308
G1 X.95 Y16.302 E.08835
G1 X3.698 Y19.05 E.12494
G1 X8.626 Y19.05 E.15849
G1 X19.05 Y8.626 E.47401
G1 X19.05 Y11.374 E.08835
G1 X8.626 Y.95 E.47401
G1 X11.374 Y.95 E.08835
M73 P66 R9
G1 X.95 Y11.374 E.47401
G1 X.95 Y8.626 E.08835
G1 X11.374 Y19.05 E.47401
G1 X16.302 Y19.05 E.15849
G1 X19.05 Y16.302 E.12494
G1 X19.05 Y19.05 E.08835
G1 X.95 Y.95 E.82308
G1 X.95 Y3.698 E.08835
G1 X3.698 Y.95 E.12494
G1 X5.326 Y.95 E.05236
;LAYER_CHANGE
;Z:13.8
;HEIGHT:0.2
;BEFORE_LAYER_CHANGE
;13.8
G92 E0

G1 E-.8 F2400
;WIPE_START
G1 F1551.487
G1 X3.698 Y.95
G1 X3.435 Y1.213
;WIPE_END
EXCLUDE_OBJECT_END NAME=f4002d18-e224-45f4-be44-c8ecfbbb1563.stl_id_0_copy_0
;_SET_FAN_SPEED_CHANGING_LAYER
EXCLUDE_OBJECT_START NAME=f4002d18-e224-45f4-be44-c8ecfbbb1563.stl_id_0_copy_0
G1 X8.388 Y7.02 Z14.2 F24000
G1 X18.948 Y19.398 Z14.2
G1 Z13.8
G1 E.8 F2400
SET_VELOCITY_LIMIT ACCEL=2000 ACCEL_TO_DECEL=1000 SQUARE_CORNER_VELOCITY=6
;TYPE:Inner wall
G1 F1551.487
G1 X.602 Y19.398 E.58994
G1 X.602 Y.602 E.60441
G1 X19.398 Y.602 E.60441
G1 X19.398 Y19.398 E.60441
G1 X18.988 Y19.398 E.01318
G1 X19.79 Y19.79 F24000
;TYPE:Outer wall
;WIDTH:0.42
G1 F1674.922
G1 X.21 Y19.79 E.58322
G1 X.21 Y.21 E.58322
G1 X19.79 Y.21 E.58322
G1 X19.79 Y19.75 E.58203
SET_VELOCITY_LIMIT ACCEL=8000 ACCEL_TO_DECEL=4000 SQUARE_CORNER_VELOCITY=8
G1 E-.8 F2400
;WIPE_START
G1 F1674.922
G1 X17.79 Y19.754
;WIPE_END
G1 X13.573 Y13.392 Z14.2 F24000
G1 X5.326 Y.95 Z14.2
G1 Z13.8
G1 E.8 F2400
;TYPE:Sparse infill
;WIDTH:0.45
G1 F1551.487
G1 X3.698 Y.95 E.05236
G1 X.95 Y3.698 E.12494
G1 X.95 Y.95 E.08835
G1 X19.05 Y19.05 E.82308
G1 X19.05 Y16.302 E.08835
G1 X16.302 Y19.05 E.12494
G1 X11.374 Y19.05 E.15849
G1 X.95 Y8.626 E.47401
G1 X.95 Y11.374 E.08835
G1 X11.374 Y.95 E.47401
G1 X8.626 Y.95 E.08835
G1 X19.05 Y11.374 E.47401
G1 X19.05 Y8.626 E.08835
G1 X8.626 Y19.05 E.47401
G1 X3.698 Y19.05 E.15849
M73 P66 R8
G1 X.95 Y16.302 E.12494
G1 X.95 Y19.05 E.08835
G1 X19.05 Y.95 E.82308
G1 X16.302 Y.95 E.08835
G1 X19.05 Y3.698 E.12494
G1 X19.05 Y5.326 E.05236
;LAYER_CHANGE
;Z:14
;HEIGHT:0.2
;BEFORE_LAYER_CHANGE
;14
G92 E0

G1 E-.8 F2400
;WIPE_START
G1 F1551.487
G1 X19.05 Y3.698
G1 X18.787 Y3.435
;WIPE_END
EXCLUDE_OBJECT_END NAME=f4002d18-e224-45f4-be44-c8ecfbbb1563.stl_id_0_copy_0
;_SET_FAN_SPEED_CHANGING_LAYER
EXCLUDE_OBJECT_START NAME=f4002d18-e224-45f4-be44-c8ecfbbb1563.stl_id_0_copy_0
G1 X18.864 Y11.067 Z14.4 F24000
G1 X18.948 Y19.398 Z14.4
G1 Z14
G1 E.8 F2400
SET_VELOCITY_LIMIT ACCEL=2000 ACCEL_TO_DECEL=1000 SQUARE_CORNER_VELOCITY=6
;TYPE:Inner wall
G1 F1551.487
G1 X.602 Y19.398 E.58994
G1 X.602 Y.602 E.60441
M73 P67 R8
G1 X19.398 Y.602 E.60441
G1 X19.398 Y19.398 E.60441
G1 X18.988 Y19.398 E.01318
G1 X19.79 Y19.79 F24000
;TYPE:Outer wall
;WIDTH:0.42
G1 F1674.922
G1 X.21 Y19.79 E.58322
G1 X.21 Y.21 E.58322
G1 X19.79 Y.21 E.58322
G1 X19.79 Y19.75 E.58203
SET_VELOCITY_LIMIT ACCEL=8000 ACCEL_TO_DECEL=4000 SQUARE_CORNER_VELOCITY=8
G1 E-.8 F2400
;WIPE_START
G1 F1674.922
G1 X17.79 Y19.754
;WIPE_END
G1 X18.454 Y12.151 Z14.4 F24000
G1 X19.05 Y5.326 Z14.4
G1 Z14
G1 E.8 F2400
;TYPE:Sparse infill
;WIDTH:0.45
G1 F1551.487
G1 X19.05 Y3.698 E.05236
G1 X16.302 Y.95 E.12494
G1 X19.05 Y.95 E.08835
G1 X.95 Y19.05 E.82308
G1 X.95 Y16.302 E.08835
G1 X3.698 Y19.05 E.12494
G1 X8.626 Y19.05 E.15849
G1 X19.05 Y8.626 E.47401
G1 X19.05 Y11.374 E.08835
G1 X8.626 Y.95 E.47401
G1 X11.374 Y.95 E.08835
G1 X.95 Y11.374 E.47401
G1 X.95 Y8.626 E.08835
G1 X11.374 Y19.05 E.47401
G1 X16.302 Y19.05 E.15849
G1 X19.05 Y16.302 E.12494
G1 X19.05 Y19.05 E.08835
G1 X.95 Y.95 E.82308
G1 X.95 Y3.698 E.08835
G1 X3.698 Y.95 E.12494
G1 X5.326 Y.95 E.05236
;LAYER_CHANGE
;Z:14.2
;HEIGHT:0.2
;BEFORE_LAYER_CHANGE
;14.2
G92 E0

G1 E-.8 F2400
;WIPE_START
G1 F1551.487
G1 X3.698 Y.95
G1 X3.435 Y1.213
;WIPE_END
EXCLUDE_OBJECT_END NAME=f4002d18-e224-45f4-be44-c8ecfbbb1563.stl_id_0_copy_0
;_SET_FAN_SPEED_CHANGING_LAYER
EXCLUDE_OBJECT_START NAME=f4002d18-e224-45f4-be44-c8ecfbbb1563.stl_id_0_copy_0
G1 X8.388 Y7.02 Z14.6 F24000
G1 X18.948 Y19.398 Z14.6
G1 Z14.2
G1 E.8 F2400
SET_VELOCITY_LIMIT ACCEL=2000 ACCEL_TO_DECEL=1000 SQUARE_CORNER_VELOCITY=6
;TYPE:Inner wall
G1 F1551.487
G1 X.602 Y19.398 E.58994
G1 X.602 Y.602 E.60441
G1 X19.398 Y.602 E.60441
G1 X19.398 Y19.398 E.60441
G1 X18.988 Y19.398 E.01318
G1 X19.79 Y19.79 F24000
;TYPE:Outer wall
;WIDTH:0.42
G1 F1674.922
G1 X.21 Y19.79 E.58322
G1 X.21 Y.21 E.58322
G1 X19.79 Y.21 E.58322
M73 P68 R8
G1 X19.79 Y19.75 E.58203
SET_VELOCITY_LIMIT ACCEL=8000 ACCEL_TO_DECEL=4000 SQUARE_CORNER_VELOCITY=8
G1 E-.8 F2400
;WIPE_START
G1 F1674.922
G1 X17.79 Y19.754
;WIPE_END
G1 X13.573 Y13.392 Z14.6 F24000
G1 X5.326 Y.95 Z14.6
G1 Z14.2
G1 E.8 F2400
;TYPE:Sparse infill
;WIDTH:0.45
G1 F1551.487
G1 X3.698 Y.95 E.05236
G1 X.95 Y3.698 E.12494
G1 X.95 Y.95 E.08835
G1 X19.05 Y19.05 E.82308
G1 X19.05 Y16.302 E.08835
G1 X16.302 Y19.05 E.12494
G1 X11.374 Y19.05 E.15849
G1 X.95 Y8.626 E.47401
G1 X.95 Y11.374 E.08835
G1 X11.374 Y.95 E.47401
G1 X8.626 Y.95 E.08835
G1 X19.05 Y11.374 E.47401
G1 X19.05 Y8.626 E.08835
G1 X8.626 Y19.05 E.47401
G1 X3.698 Y19.05 E.15849
G1 X.95 Y16.302 E.12494
G1 X.95 Y19.05 E.08835
G1 X19.05 Y.95 E.82308
G1 X16.302 Y.95 E.08835
G1 X19.05 Y3.698 E.12494
G1 X19.05 Y5.326 E.05236
;LAYER_CHANGE
;Z:14.4
;HEIGHT:0.2
;BEFORE_LAYER_CHANGE
;14.4
G92 E0

G1 E-.8 F2400
;WIPE_START
G1 F1551.487
G1 X19.05 Y3.698
G1 X18.787 Y3.435
;WIPE_END
EXCLUDE_OBJECT_END NAME=f4002d18-e224-45f4-be44-c8ecfbbb1563.stl_id_0_copy_0
;_SET_FAN_SPEED_CHANGING_LAYER
EXCLUDE_OBJECT_START NAME=f4002d18-e224-45f4-be44-c8ecfbbb1563.stl_id_0_copy_0
G1 X18.864 Y11.067 Z14.8 F24000
G1 X18.948 Y19.398 Z14.8
G1 Z14.4
G1 E.8 F2400
SET_VELOCITY_LIMIT ACCEL=2000 ACCEL_TO_DECEL=1000 SQUARE_CORNER_VELOCITY=6
;TYPE:Inner wall
G1 F1551.487
G1 X.602 Y19.398 E.58994
G1 X.602 Y.602 E.60441
G1 X19.398 Y.602 E.60441
G1 X19.398 Y19.398 E.60441
G1 X18.988 Y19.398 E.01318
G1 X19.79 Y19.79 F24000
;TYPE:Outer wall
;WIDTH:0.42
G1 F1674.922
G1 X.21 Y19.79 E.58322
G1 X.21 Y.21 E.58322
G1 X19.79 Y.21 E.58322
G1 X19.79 Y19.75 E.58203
SET_VELOCITY_LIMIT ACCEL=8000 ACCEL_TO_DECEL=4000 SQUARE_CORNER_VELOCITY=8
G1 E-.8 F2400
;WIPE_START
G1 F1674.922
G1 X17.79 Y19.754
;WIPE_END
G1 X18.454 Y12.151 Z14.8 F24000
G1 X19.05 Y5.326 Z14.8
G1 Z14.4
G1 E.8 F2400
;TYPE:Sparse infill
;WIDTH:0.45
G1 F1551.487
G1 X19.05 Y3.698 E.05236
G1 X16.302 Y.95 E.12494
G1 X19.05 Y.95 E.08835
G1 X.95 Y19.05 E.82308
G1 X.95 Y16.302 E.08835
G1 X3.698 Y19.05 E.12494
G1 X8.626 Y19.05 E.15849
M73 P69 R8
G1 X19.05 Y8.626 E.47401
G1 X19.05 Y11.374 E.08835
G1 X8.626 Y.95 E.47401
G1 X11.374 Y.95 E.08835
G1 X.95 Y11.374 E.47401
G1 X.95 Y8.626 E.08835
G1 X11.374 Y19.05 E.47401
G1 X16.302 Y19.05 E.15849
G1 X19.05 Y16.302 E.12494
G1 X19.05 Y19.05 E.08835
G1 X.95 Y.95 E.82308
G1 X.95 Y3.698 E.08835
G1 X3.698 Y.95 E.12494
G1 X5.326 Y.95 E.05236
;LAYER_CHANGE
;Z:14.6
;HEIGHT:0.200001
;BEFORE_LAYER_CHANGE
;14.6
G92 E0

G1 E-.8 F2400
;WIPE_START
G1 F1551.487
G1 X3.698 Y.95
G1 X3.435 Y1.213
;WIPE_END
EXCLUDE_OBJECT_END NAME=f4002d18-e224-45f4-be44-c8ecfbbb1563.stl_id_0_copy_0
;_SET_FAN_SPEED_CHANGING_LAYER
EXCLUDE_OBJECT_START NAME=f4002d18-e224-45f4-be44-c8ecfbbb1563.stl_id_0_copy_0
G1 X8.388 Y7.02 Z15 F24000
G1 X18.948 Y19.398 Z15
G1 Z14.6
G1 E.8 F2400
SET_VELOCITY_LIMIT ACCEL=2000 ACCEL_TO_DECEL=1000 SQUARE_CORNER_VELOCITY=6
;TYPE:Inner wall
G1 F1551.487
G1 X.602 Y19.398 E.58994
G1 X.602 Y.602 E.60441
G1 X19.398 Y.602 E.60441
G1 X19.398 Y19.398 E.60441
G1 X18.988 Y19.398 E.01318
G1 X19.79 Y19.79 F24000
;TYPE:Outer wall
;WIDTH:0.42
G1 F1674.922
G1 X.21 Y19.79 E.58322
G1 X.21 Y.21 E.58322
G1 X19.79 Y.21 E.58322
G1 X19.79 Y19.75 E.58203
SET_VELOCITY_LIMIT ACCEL=8000 ACCEL_TO_DECEL=4000 SQUARE_CORNER_VELOCITY=8
G1 E-.8 F2400
;WIPE_START
G1 F1674.922
G1 X17.79 Y19.754
;WIPE_END
G1 X13.573 Y13.392 Z15 F24000
G1 X5.326 Y.95 Z15
G1 Z14.6
G1 E.8 F2400
;TYPE:Sparse infill
;WIDTH:0.45
G1 F1551.487
G1 X3.698 Y.95 E.05236
G1 X.95 Y3.698 E.12494
G1 X.95 Y.95 E.08835
G1 X19.05 Y19.05 E.82308
G1 X19.05 Y16.302 E.08835
G1 X16.302 Y19.05 E.12494
G1 X11.374 Y19.05 E.15849
G1 X.95 Y8.626 E.47401
G1 X.95 Y11.374 E.08835
G1 X11.374 Y.95 E.47401
G1 X8.626 Y.95 E.08835
G1 X19.05 Y11.374 E.47401
G1 X19.05 Y8.626 E.08835
G1 X8.626 Y19.05 E.47401
G1 X3.698 Y19.05 E.15849
G1 X.95 Y16.302 E.12494
G1 X.95 Y19.05 E.08835
G1 X19.05 Y.95 E.82308
G1 X16.302 Y.95 E.08835
M73 P70 R8
G1 X19.05 Y3.698 E.12494
G1 X19.05 Y5.326 E.05236
;LAYER_CHANGE
;Z:14.8
;HEIGHT:0.2
;BEFORE_LAYER_CHANGE
;14.8
G92 E0

G1 E-.8 F2400
;WIPE_START
G1 F1551.487
G1 X19.05 Y3.698
G1 X18.787 Y3.435
;WIPE_END
EXCLUDE_OBJECT_END NAME=f4002d18-e224-45f4-be44-c8ecfbbb1563.stl_id_0_copy_0
;_SET_FAN_SPEED_CHANGING_LAYER
EXCLUDE_OBJECT_START NAME=f4002d18-e224-45f4-be44-c8ecfbbb1563.stl_id_0_copy_0
G1 X18.864 Y11.067 Z15.2 F24000
G1 X18.948 Y19.398 Z15.2
G1 Z14.8
G1 E.8 F2400
SET_VELOCITY_LIMIT ACCEL=2000 ACCEL_TO_DECEL=1000 SQUARE_CORNER_VELOCITY=6
;TYPE:Inner wall
G1 F1551.487
G1 X.602 Y19.398 E.58994
G1 X.602 Y.602 E.60441
G1 X19.398 Y.602 E.60441
G1 X19.398 Y19.398 E.60441
G1 X18.988 Y19.398 E.01318
G1 X19.79 Y19.79 F24000
;TYPE:Outer wall
;WIDTH:0.42
G1 F1674.922
G1 X.21 Y19.79 E.58322
G1 X.21 Y.21 E.58322
G1 X19.79 Y.21 E.58322
G1 X19.79 Y19.75 E.58203
SET_VELOCITY_LIMIT ACCEL=8000 ACCEL_TO_DECEL=4000 SQUARE_CORNER_VELOCITY=8
G1 E-.8 F2400
;WIPE_START
G1 F1674.922
G1 X17.79 Y19.754
;WIPE_END
G1 X18.454 Y12.151 Z15.2 F24000
G1 X19.05 Y5.326 Z15.2
G1 Z14.8
G1 E.8 F2400
;TYPE:Sparse infill
;WIDTH:0.45
G1 F1551.487
G1 X19.05 Y3.698 E.05236
G1 X16.302 Y.95 E.12494
G1 X19.05 Y.95 E.08835
G1 X.95 Y19.05 E.82308
G1 X.95 Y16.302 E.08835
G1 X3.698 Y19.05 E.12494
G1 X8.626 Y19.05 E.15849
M73 P70 R7
G1 X19.05 Y8.626 E.47401
G1 X19.05 Y11.374 E.08835
G1 X8.626 Y.95 E.47401
G1 X11.374 Y.95 E.08835
G1 X.95 Y11.374 E.47401
G1 X.95 Y8.626 E.08835
G1 X11.374 Y19.05 E.47401
G1 X16.302 Y19.05 E.15849
G1 X19.05 Y16.302 E.12494
G1 X19.05 Y19.05 E.08835
G1 X.95 Y.95 E.82308
G1 X.95 Y3.698 E.08835
G1 X3.698 Y.95 E.12494
G1 X5.326 Y.95 E.05236
;LAYER_CHANGE
;Z:15
;HEIGHT:0.2
;BEFORE_LAYER_CHANGE
;15
G92 E0

G1 E-.8 F2400
;WIPE_START
G1 F1551.487
G1 X3.698 Y.95
G1 X3.435 Y1.213
;WIPE_END
EXCLUDE_OBJECT_END NAME=f4002d18-e224-45f4-be44-c8ecfbbb1563.stl_id_0_copy_0
;_SET_FAN_SPEED_CHANGING_LAYER
EXCLUDE_OBJECT_START NAME=f4002d18-e224-45f4-be44-c8ecfbbb1563.stl_id_0_copy_0
G1 X8.388 Y7.02 Z15.4 F24000
G1 X18.948 Y19.398 Z15.4
G1 Z15
G1 E.8 F2400
SET_VELOCITY_LIMIT ACCEL=2000 ACCEL_TO_DECEL=1000 SQUARE_CORNER_VELOCITY=6
;TYPE:Inner wall
G1 F1551.487
G1 X.602 Y19.398 E.58994
G1 X.602 Y.602 E.60441
G1 X19.398 Y.602 E.60441
G1 X19.398 Y19.398 E.60441
G1 X18.988 Y19.398 E.01318
M73 P71 R7
G1 X19.79 Y19.79 F24000
;TYPE:Outer wall
;WIDTH:0.42
G1 F1674.922
G1 X.21 Y19.79 E.58322
G1 X.21 Y.21 E.58322
G1 X19.79 Y.21 E.58322
G1 X19.79 Y19.75 E.58203
SET_VELOCITY_LIMIT ACCEL=8000 ACCEL_TO_DECEL=4000 SQUARE_CORNER_VELOCITY=8
G1 E-.8 F2400
;WIPE_START
G1 F1674.922
G1 X17.79 Y19.754
;WIPE_END
G1 X13.573 Y13.392 Z15.4 F24000
G1 X5.326 Y.95 Z15.4
G1 Z15
G1 E.8 F2400
;TYPE:Sparse infill
;WIDTH:0.45
G1 F1551.487
G1 X3.698 Y.95 E.05236
G1 X.95 Y3.698 E.12494
G1 X.95 Y.95 E.08835
G1 X19.05 Y19.05 E.82308
G1 X19.05 Y16.302 E.08835
G1 X16.302 Y19.05 E.12494
G1 X11.374 Y19.05 E.15849
G1 X.95 Y8.626 E.47401
G1 X.95 Y11.374 E.08835
G1 X11.374 Y.95 E.47401
G1 X8.626 Y.95 E.08835
G1 X19.05 Y11.374 E.47401
G1 X19.05 Y8.626 E.08835
G1 X8.626 Y19.05 E.47401
G1 X3.698 Y19.05 E.15849
G1 X.95 Y16.302 E.12494
G1 X.95 Y19.05 E.08835
G1 X19.05 Y.95 E.82308
G1 X16.302 Y.95 E.08835
G1 X19.05 Y3.698 E.12494
G1 X19.05 Y5.326 E.05236
;LAYER_CHANGE
;Z:15.2
;HEIGHT:0.2
;BEFORE_LAYER_CHANGE
;15.2
G92 E0

G1 E-.8 F2400
;WIPE_START
G1 F1551.487
G1 X19.05 Y3.698
G1 X18.787 Y3.435
;WIPE_END
EXCLUDE_OBJECT_END NAME=f4002d18-e224-45f4-be44-c8ecfbbb1563.stl_id_0_copy_0
;_SET_FAN_SPEED_CHANGING_LAYER
EXCLUDE_OBJECT_START NAME=f4002d18-e224-45f4-be44-c8ecfbbb1563.stl_id_0_copy_0
G1 X18.864 Y11.067 Z15.6 F24000
G1 X18.948 Y19.398 Z15.6
G1 Z15.2
G1 E.8 F2400
SET_VELOCITY_LIMIT ACCEL=2000 ACCEL_TO_DECEL=1000 SQUARE_CORNER_VELOCITY=6
;TYPE:Inner wall
G1 F1551.487
G1 X.602 Y19.398 E.58994
G1 X.602 Y.602 E.60441
G1 X19.398 Y.602 E.60441
G1 X19.398 Y19.398 E.60441
G1 X18.988 Y19.398 E.01318
G1 X19.79 Y19.79 F24000
;TYPE:Outer wall
;WIDTH:0.42
G1 F1674.922
G1 X.21 Y19.79 E.58322
G1 X.21 Y.21 E.58322
G1 X19.79 Y.21 E.58322
G1 X19.79 Y19.75 E.58203
SET_VELOCITY_LIMIT ACCEL=8000 ACCEL_TO_DECEL=4000 SQUARE_CORNER_VELOCITY=8
G1 E-.8 F2400
;WIPE_START
G1 F1674.922
G1 X17.79 Y19.754
;WIPE_END
G1 X18.454 Y12.151 Z15.6 F24000
G1 X19.05 Y5.326 Z15.6
G1 Z15.2
G1 E.8 F2400
;TYPE:Sparse infill
;WIDTH:0.45
G1 F1551.487
G1 X19.05 Y3.698 E.05236
G1 X16.302 Y.95 E.12494
G1 X19.05 Y.95 E.08835
M73 P72 R7
G1 X.95 Y19.05 E.82308
G1 X.95 Y16.302 E.08835
G1 X3.698 Y19.05 E.12494
G1 X8.626 Y19.05 E.15849
G1 X19.05 Y8.626 E.47401
G1 X19.05 Y11.374 E.08835
G1 X8.626 Y.95 E.47401
G1 X11.374 Y.95 E.08835
G1 X.95 Y11.374 E.47401
G1 X.95 Y8.626 E.08835
G1 X11.374 Y19.05 E.47401
G1 X16.302 Y19.05 E.15849
G1 X19.05 Y16.302 E.12494
G1 X19.05 Y19.05 E.08835
G1 X.95 Y.95 E.82308
G1 X.95 Y3.698 E.08835
G1 X3.698 Y.95 E.12494
G1 X5.326 Y.95 E.05236
;LAYER_CHANGE
;Z:15.4
;HEIGHT:0.2
;BEFORE_LAYER_CHANGE
;15.4
G92 E0

G1 E-.8 F2400
;WIPE_START
G1 F1551.487
G1 X3.698 Y.95
G1 X3.435 Y1.213
;WIPE_END
EXCLUDE_OBJECT_END NAME=f4002d18-e224-45f4-be44-c8ecfbbb1563.stl_id_0_copy_0
;_SET_FAN_SPEED_CHANGING_LAYER
EXCLUDE_OBJECT_START NAME=f4002d18-e224-45f4-be44-c8ecfbbb1563.stl_id_0_copy_0
G1 X8.388 Y7.02 Z15.8 F24000
G1 X18.948 Y19.398 Z15.8
G1 Z15.4
G1 E.8 F2400
SET_VELOCITY_LIMIT ACCEL=2000 ACCEL_TO_DECEL=1000 SQUARE_CORNER_VELOCITY=6
;TYPE:Inner wall
G1 F1551.487
G1 X.602 Y19.398 E.58994
G1 X.602 Y.602 E.60441
G1 X19.398 Y.602 E.60441
G1 X19.398 Y19.398 E.60441
G1 X18.988 Y19.398 E.01318
G1 X19.79 Y19.79 F24000
;TYPE:Outer wall
;WIDTH:0.42
G1 F1674.922
G1 X.21 Y19.79 E.58322
G1 X.21 Y.21 E.58322
G1 X19.79 Y.21 E.58322
G1 X19.79 Y19.75 E.58203
SET_VELOCITY_LIMIT ACCEL=8000 ACCEL_TO_DECEL=4000 SQUARE_CORNER_VELOCITY=8
G1 E-.8 F2400
;WIPE_START
G1 F1674.922
G1 X17.79 Y19.754
;WIPE_END
G1 X13.573 Y13.392 Z15.8 F24000
G1 X5.326 Y.95 Z15.8
G1 Z15.4
G1 E.8 F2400
;TYPE:Sparse infill
;WIDTH:0.45
G1 F1551.487
G1 X3.698 Y.95 E.05236
G1 X.95 Y3.698 E.12494
G1 X.95 Y.95 E.08835
G1 X19.05 Y19.05 E.82308
G1 X19.05 Y16.302 E.08835
G1 X16.302 Y19.05 E.12494
G1 X11.374 Y19.05 E.15849
G1 X.95 Y8.626 E.47401
G1 X.95 Y11.374 E.08835
G1 X11.374 Y.95 E.47401
G1 X8.626 Y.95 E.08835
G1 X19.05 Y11.374 E.47401
G1 X19.05 Y8.626 E.08835
G1 X8.626 Y19.05 E.47401
G1 X3.698 Y19.05 E.15849
M73 P73 R7
G1 X.95 Y16.302 E.12494
G1 X.95 Y19.05 E.08835
G1 X19.05 Y.95 E.82308
G1 X16.302 Y.95 E.08835
G1 X19.05 Y3.698 E.12494
G1 X19.05 Y5.326 E.05236
;LAYER_CHANGE
;Z:15.6
;HEIGHT:0.200001
;BEFORE_LAYER_CHANGE
;15.6
G92 E0

G1 E-.8 F2400
;WIPE_START
G1 F1551.487
G1 X19.05 Y3.698
G1 X18.787 Y3.435
;WIPE_END
EXCLUDE_OBJECT_END NAME=f4002d18-e224-45f4-be44-c8ecfbbb1563.stl_id_0_copy_0
;_SET_FAN_SPEED_CHANGING_LAYER
EXCLUDE_OBJECT_START NAME=f4002d18-e224-45f4-be44-c8ecfbbb1563.stl_id_0_copy_0
G1 X18.864 Y11.067 Z16 F24000
G1 X18.948 Y19.398 Z16
G1 Z15.6
G1 E.8 F2400
SET_VELOCITY_LIMIT ACCEL=2000 ACCEL_TO_DECEL=1000 SQUARE_CORNER_VELOCITY=6
;TYPE:Inner wall
G1 F1551.487
G1 X.602 Y19.398 E.58994
G1 X.602 Y.602 E.60441
G1 X19.398 Y.602 E.60441
G1 X19.398 Y19.398 E.60441
G1 X18.988 Y19.398 E.01318
G1 X19.79 Y19.79 F24000
;TYPE:Outer wall
;WIDTH:0.42
G1 F1674.922
G1 X.21 Y19.79 E.58322
G1 X.21 Y.21 E.58322
G1 X19.79 Y.21 E.58322
G1 X19.79 Y19.75 E.58203
SET_VELOCITY_LIMIT ACCEL=8000 ACCEL_TO_DECEL=4000 SQUARE_CORNER_VELOCITY=8
G1 E-.8 F2400
;WIPE_START
G1 F1674.922
G1 X17.79 Y19.754
;WIPE_END
G1 X18.454 Y12.151 Z16 F24000
G1 X19.05 Y5.326 Z16
G1 Z15.6
G1 E.8 F2400
;TYPE:Sparse infill
;WIDTH:0.45
G1 F1551.487
G1 X19.05 Y3.698 E.05236
G1 X16.302 Y.95 E.12494
G1 X19.05 Y.95 E.08835
G1 X.95 Y19.05 E.82308
G1 X.95 Y16.302 E.08835
G1 X3.698 Y19.05 E.12494
G1 X8.626 Y19.05 E.15849
G1 X19.05 Y8.626 E.47401
G1 X19.05 Y11.374 E.08835
G1 X8.626 Y.95 E.47401
G1 X11.374 Y.95 E.08835
G1 X.95 Y11.374 E.47401
G1 X.95 Y8.626 E.08835
G1 X11.374 Y19.05 E.47401
G1 X16.302 Y19.05 E.15849
G1 X19.05 Y16.302 E.12494
G1 X19.05 Y19.05 E.08835
G1 X.95 Y.95 E.82308
G1 X.95 Y3.698 E.08835
G1 X3.698 Y.95 E.12494
G1 X5.326 Y.95 E.05236
;LAYER_CHANGE
;Z:15.8
;HEIGHT:0.2
;BEFORE_LAYER_CHANGE
;15.8
G92 E0

G1 E-.8 F2400
;WIPE_START
G1 F1551.487
G1 X3.698 Y.95
G1 X3.435 Y1.213
;WIPE_END
EXCLUDE_OBJECT_END NAME=f4002d18-e224-45f4-be44-c8ecfbbb1563.stl_id_0_copy_0
;_SET_FAN_SPEED_CHANGING_LAYER
EXCLUDE_OBJECT_START NAME=f4002d18-e224-45f4-be44-c8ecfbbb1563.stl_id_0_copy_0
G1 X8.388 Y7.02 Z16.2 F24000
G1 X18.948 Y19.398 Z16.2
G1 Z15.8
G1 E.8 F2400
SET_VELOCITY_LIMIT ACCEL=2000 ACCEL_TO_DECEL=1000 SQUARE_CORNER_VELOCITY=6
;TYPE:Inner wall
G1 F1551.487
G1 X.602 Y19.398 E.58994
G1 X.602 Y.602 E.60441
G1 X19.398 Y.602 E.60441
M73 P74 R7
G1 X19.398 Y19.398 E.60441
G1 X18.988 Y19.398 E.01318
G1 X19.79 Y19.79 F24000
;TYPE:Outer wall
;WIDTH:0.42
G1 F1674.922
G1 X.21 Y19.79 E.58322
G1 X.21 Y.21 E.58322
G1 X19.79 Y.21 E.58322
G1 X19.79 Y19.75 E.58203
M73 P74 R6
SET_VELOCITY_LIMIT ACCEL=8000 ACCEL_TO_DECEL=4000 SQUARE_CORNER_VELOCITY=8
G1 E-.8 F2400
;WIPE_START
G1 F1674.922
G1 X17.79 Y19.754
;WIPE_END
G1 X13.573 Y13.392 Z16.2 F24000
G1 X5.326 Y.95 Z16.2
G1 Z15.8
G1 E.8 F2400
;TYPE:Sparse infill
;WIDTH:0.45
G1 F1551.487
G1 X3.698 Y.95 E.05236
G1 X.95 Y3.698 E.12494
G1 X.95 Y.95 E.08835
G1 X19.05 Y19.05 E.82308
G1 X19.05 Y16.302 E.08835
G1 X16.302 Y19.05 E.12494
G1 X11.374 Y19.05 E.15849
G1 X.95 Y8.626 E.47401
G1 X.95 Y11.374 E.08835
G1 X11.374 Y.95 E.47401
G1 X8.626 Y.95 E.08835
G1 X19.05 Y11.374 E.47401
G1 X19.05 Y8.626 E.08835
G1 X8.626 Y19.05 E.47401
G1 X3.698 Y19.05 E.15849
G1 X.95 Y16.302 E.12494
G1 X.95 Y19.05 E.08835
G1 X19.05 Y.95 E.82308
G1 X16.302 Y.95 E.08835
G1 X19.05 Y3.698 E.12494
G1 X19.05 Y5.326 E.05236
;LAYER_CHANGE
;Z:16
;HEIGHT:0.2
;BEFORE_LAYER_CHANGE
;16
G92 E0

G1 E-.8 F2400
;WIPE_START
G1 F1551.487
G1 X19.05 Y3.698
G1 X18.787 Y3.435
;WIPE_END
EXCLUDE_OBJECT_END NAME=f4002d18-e224-45f4-be44-c8ecfbbb1563.stl_id_0_copy_0
;_SET_FAN_SPEED_CHANGING_LAYER
EXCLUDE_OBJECT_START NAME=f4002d18-e224-45f4-be44-c8ecfbbb1563.stl_id_0_copy_0
G1 X18.864 Y11.067 Z16.4 F24000
G1 X18.948 Y19.398 Z16.4
G1 Z16
G1 E.8 F2400
SET_VELOCITY_LIMIT ACCEL=2000 ACCEL_TO_DECEL=1000 SQUARE_CORNER_VELOCITY=6
;TYPE:Inner wall
G1 F1551.487
G1 X.602 Y19.398 E.58994
G1 X.602 Y.602 E.60441
G1 X19.398 Y.602 E.60441
G1 X19.398 Y19.398 E.60441
G1 X18.988 Y19.398 E.01318
G1 X19.79 Y19.79 F24000
;TYPE:Outer wall
;WIDTH:0.42
G1 F1674.922
G1 X.21 Y19.79 E.58322
G1 X.21 Y.21 E.58322
G1 X19.79 Y.21 E.58322
G1 X19.79 Y19.75 E.58203
M73 P75 R6
SET_VELOCITY_LIMIT ACCEL=8000 ACCEL_TO_DECEL=4000 SQUARE_CORNER_VELOCITY=8
G1 E-.8 F2400
;WIPE_START
G1 F1674.922
G1 X17.79 Y19.754
;WIPE_END
G1 X18.454 Y12.151 Z16.4 F24000
G1 X19.05 Y5.326 Z16.4
G1 Z16
G1 E.8 F2400
;TYPE:Sparse infill
;WIDTH:0.45
G1 F1551.487
G1 X19.05 Y3.698 E.05236
G1 X16.302 Y.95 E.12494
G1 X19.05 Y.95 E.08835
G1 X.95 Y19.05 E.82308
G1 X.95 Y16.302 E.08835
G1 X3.698 Y19.05 E.12494
G1 X8.626 Y19.05 E.15849
G1 X19.05 Y8.626 E.47401
G1 X19.05 Y11.374 E.08835
G1 X8.626 Y.95 E.47401
G1 X11.374 Y.95 E.08835
G1 X.95 Y11.374 E.47401
G1 X.95 Y8.626 E.08835
G1 X11.374 Y19.05 E.47401
G1 X16.302 Y19.05 E.15849
G1 X19.05 Y16.302 E.12494
G1 X19.05 Y19.05 E.08835
G1 X.95 Y.95 E.82308
G1 X.95 Y3.698 E.08835
G1 X3.698 Y.95 E.12494
G1 X5.326 Y.95 E.05236
;LAYER_CHANGE
;Z:16.2
;HEIGHT:0.200001
;BEFORE_LAYER_CHANGE
;16.2
G92 E0

G1 E-.8 F2400
;WIPE_START
G1 F1551.487
G1 X3.698 Y.95
G1 X3.435 Y1.213
;WIPE_END
EXCLUDE_OBJECT_END NAME=f4002d18-e224-45f4-be44-c8ecfbbb1563.stl_id_0_copy_0
;_SET_FAN_SPEED_CHANGING_LAYER
EXCLUDE_OBJECT_START NAME=f4002d18-e224-45f4-be44-c8ecfbbb1563.stl_id_0_copy_0
G1 X8.388 Y7.02 Z16.6 F24000
G1 X18.948 Y19.398 Z16.6
G1 Z16.2
G1 E.8 F2400
SET_VELOCITY_LIMIT ACCEL=2000 ACCEL_TO_DECEL=1000 SQUARE_CORNER_VELOCITY=6
;TYPE:Inner wall
G1 F1551.487
G1 X.602 Y19.398 E.58994
G1 X.602 Y.602 E.60441
G1 X19.398 Y.602 E.60441
G1 X19.398 Y19.398 E.60441
G1 X18.988 Y19.398 E.01318
G1 X19.79 Y19.79 F24000
;TYPE:Outer wall
;WIDTH:0.42
G1 F1674.922
G1 X.21 Y19.79 E.58322
G1 X.21 Y.21 E.58322
G1 X19.79 Y.21 E.58322
G1 X19.79 Y19.75 E.58203
SET_VELOCITY_LIMIT ACCEL=8000 ACCEL_TO_DECEL=4000 SQUARE_CORNER_VELOCITY=8
G1 E-.8 F2400
;WIPE_START
G1 F1674.922
G1 X17.79 Y19.754
;WIPE_END
G1 X13.573 Y13.392 Z16.6 F24000
G1 X5.326 Y.95 Z16.6
G1 Z16.2
G1 E.8 F2400
;TYPE:Sparse infill
;WIDTH:0.45
G1 F1551.487
G1 X3.698 Y.95 E.05236
G1 X.95 Y3.698 E.12494
G1 X.95 Y.95 E.08835
G1 X19.05 Y19.05 E.82308
G1 X19.05 Y16.302 E.08835
G1 X16.302 Y19.05 E.12494
G1 X11.374 Y19.05 E.15849
G1 X.95 Y8.626 E.47401
G1 X.95 Y11.374 E.08835
G1 X11.374 Y.95 E.47401
G1 X8.626 Y.95 E.08835
M73 P76 R6
G1 X19.05 Y11.374 E.47401
G1 X19.05 Y8.626 E.08835
G1 X8.626 Y19.05 E.47401
G1 X3.698 Y19.05 E.15849
G1 X.95 Y16.302 E.12494
G1 X.95 Y19.05 E.08835
G1 X19.05 Y.95 E.82308
G1 X16.302 Y.95 E.08835
G1 X19.05 Y3.698 E.12494
G1 X19.05 Y5.326 E.05236
;LAYER_CHANGE
;Z:16.4
;HEIGHT:0.199999
;BEFORE_LAYER_CHANGE
;16.4
G92 E0

G1 E-.8 F2400
;WIPE_START
G1 F1551.487
G1 X19.05 Y3.698
G1 X18.787 Y3.435
;WIPE_END
EXCLUDE_OBJECT_END NAME=f4002d18-e224-45f4-be44-c8ecfbbb1563.stl_id_0_copy_0
;_SET_FAN_SPEED_CHANGING_LAYER
EXCLUDE_OBJECT_START NAME=f4002d18-e224-45f4-be44-c8ecfbbb1563.stl_id_0_copy_0
G1 X18.864 Y11.067 Z16.8 F24000
G1 X18.948 Y19.398 Z16.8
G1 Z16.4
G1 E.8 F2400
SET_VELOCITY_LIMIT ACCEL=2000 ACCEL_TO_DECEL=1000 SQUARE_CORNER_VELOCITY=6
;TYPE:Inner wall
G1 F1551.487
G1 X.602 Y19.398 E.58994
G1 X.602 Y.602 E.60441
G1 X19.398 Y.602 E.60441
G1 X19.398 Y19.398 E.60441
G1 X18.988 Y19.398 E.01318
G1 X19.79 Y19.79 F24000
;TYPE:Outer wall
;WIDTH:0.42
G1 F1674.922
G1 X.21 Y19.79 E.58322
G1 X.21 Y.21 E.58322
G1 X19.79 Y.21 E.58322
G1 X19.79 Y19.75 E.58203
SET_VELOCITY_LIMIT ACCEL=8000 ACCEL_TO_DECEL=4000 SQUARE_CORNER_VELOCITY=8
G1 E-.8 F2400
;WIPE_START
G1 F1674.922
G1 X17.79 Y19.754
;WIPE_END
G1 X18.454 Y12.151 Z16.8 F24000
G1 X19.05 Y5.326 Z16.8
G1 Z16.4
G1 E.8 F2400
;TYPE:Sparse infill
;WIDTH:0.45
G1 F1551.487
G1 X19.05 Y3.698 E.05236
G1 X16.302 Y.95 E.12494
G1 X19.05 Y.95 E.08835
G1 X.95 Y19.05 E.82308
G1 X.95 Y16.302 E.08835
G1 X3.698 Y19.05 E.12494
G1 X8.626 Y19.05 E.15849
G1 X19.05 Y8.626 E.47401
G1 X19.05 Y11.374 E.08835
G1 X8.626 Y.95 E.47401
G1 X11.374 Y.95 E.08835
G1 X.95 Y11.374 E.47401
G1 X.95 Y8.626 E.08835
G1 X11.374 Y19.05 E.47401
G1 X16.302 Y19.05 E.15849
G1 X19.05 Y16.302 E.12494
G1 X19.05 Y19.05 E.08835
G1 X.95 Y.95 E.82308
G1 X.95 Y3.698 E.08835
G1 X3.698 Y.95 E.12494
G1 X5.326 Y.95 E.05236
;LAYER_CHANGE
;Z:16.6
;HEIGHT:0.200001
;BEFORE_LAYER_CHANGE
;16.6
G92 E0

G1 E-.8 F2400
;WIPE_START
G1 F1551.487
G1 X3.698 Y.95
G1 X3.435 Y1.213
;WIPE_END
EXCLUDE_OBJECT_END NAME=f4002d18-e224-45f4-be44-c8ecfbbb1563.stl_id_0_copy_0
;_SET_FAN_SPEED_CHANGING_LAYER
EXCLUDE_OBJECT_START NAME=f4002d18-e224-45f4-be44-c8ecfbbb1563.stl_id_0_copy_0
G1 X8.388 Y7.02 Z17 F24000
G1 X18.948 Y19.398 Z17
M73 P77 R6
G1 Z16.6
G1 E.8 F2400
SET_VELOCITY_LIMIT ACCEL=2000 ACCEL_TO_DECEL=1000 SQUARE_CORNER_VELOCITY=6
;TYPE:Inner wall
G1 F1551.487
G1 X.602 Y19.398 E.58994
G1 X.602 Y.602 E.60441
G1 X19.398 Y.602 E.60441
G1 X19.398 Y19.398 E.60441
G1 X18.988 Y19.398 E.01318
G1 X19.79 Y19.79 F24000
;TYPE:Outer wall
;WIDTH:0.42
G1 F1674.922
G1 X.21 Y19.79 E.58322
G1 X.21 Y.21 E.58322
G1 X19.79 Y.21 E.58322
G1 X19.79 Y19.75 E.58203
SET_VELOCITY_LIMIT ACCEL=8000 ACCEL_TO_DECEL=4000 SQUARE_CORNER_VELOCITY=8
G1 E-.8 F2400
;WIPE_START
G1 F1674.922
G1 X17.79 Y19.754
;WIPE_END
G1 X13.573 Y13.392 Z17 F24000
G1 X5.326 Y.95 Z17
G1 Z16.6
G1 E.8 F2400
;TYPE:Sparse infill
;WIDTH:0.45
G1 F1551.487
G1 X3.698 Y.95 E.05236
G1 X.95 Y3.698 E.12494
G1 X.95 Y.95 E.08835
G1 X19.05 Y19.05 E.82308
G1 X19.05 Y16.302 E.08835
G1 X16.302 Y19.05 E.12494
G1 X11.374 Y19.05 E.15849
G1 X.95 Y8.626 E.47401
G1 X.95 Y11.374 E.08835
G1 X11.374 Y.95 E.47401
G1 X8.626 Y.95 E.08835
G1 X19.05 Y11.374 E.47401
G1 X19.05 Y8.626 E.08835
G1 X8.626 Y19.05 E.47401
G1 X3.698 Y19.05 E.15849
G1 X.95 Y16.302 E.12494
G1 X.95 Y19.05 E.08835
G1 X19.05 Y.95 E.82308
G1 X16.302 Y.95 E.08835
G1 X19.05 Y3.698 E.12494
G1 X19.05 Y5.326 E.05236
;LAYER_CHANGE
;Z:16.8
;HEIGHT:0.199999
;BEFORE_LAYER_CHANGE
;16.8
G92 E0

G1 E-.8 F2400
;WIPE_START
G1 F1551.487
G1 X19.05 Y3.698
G1 X18.787 Y3.435
;WIPE_END
EXCLUDE_OBJECT_END NAME=f4002d18-e224-45f4-be44-c8ecfbbb1563.stl_id_0_copy_0
;_SET_FAN_SPEED_CHANGING_LAYER
EXCLUDE_OBJECT_START NAME=f4002d18-e224-45f4-be44-c8ecfbbb1563.stl_id_0_copy_0
G1 X18.864 Y11.067 Z17.2 F24000
G1 X18.948 Y19.398 Z17.2
G1 Z16.8
G1 E.8 F2400
SET_VELOCITY_LIMIT ACCEL=2000 ACCEL_TO_DECEL=1000 SQUARE_CORNER_VELOCITY=6
;TYPE:Inner wall
G1 F1551.487
G1 X.602 Y19.398 E.58994
G1 X.602 Y.602 E.60441
G1 X19.398 Y.602 E.60441
G1 X19.398 Y19.398 E.60441
G1 X18.988 Y19.398 E.01318
M73 P77 R5
G1 X19.79 Y19.79 F24000
;TYPE:Outer wall
;WIDTH:0.42
G1 F1674.922
G1 X.21 Y19.79 E.58322
G1 X.21 Y.21 E.58322
M73 P78 R5
G1 X19.79 Y.21 E.58322
G1 X19.79 Y19.75 E.58203
SET_VELOCITY_LIMIT ACCEL=8000 ACCEL_TO_DECEL=4000 SQUARE_CORNER_VELOCITY=8
G1 E-.8 F2400
;WIPE_START
G1 F1674.922
G1 X17.79 Y19.754
;WIPE_END
G1 X18.454 Y12.151 Z17.2 F24000
G1 X19.05 Y5.326 Z17.2
G1 Z16.8
G1 E.8 F2400
;TYPE:Sparse infill
;WIDTH:0.45
G1 F1551.487
G1 X19.05 Y3.698 E.05236
G1 X16.302 Y.95 E.12494
G1 X19.05 Y.95 E.08835
G1 X.95 Y19.05 E.82308
G1 X.95 Y16.302 E.08835
G1 X3.698 Y19.05 E.12494
G1 X8.626 Y19.05 E.15849
G1 X19.05 Y8.626 E.47401
G1 X19.05 Y11.374 E.08835
G1 X8.626 Y.95 E.47401
G1 X11.374 Y.95 E.08835
G1 X.95 Y11.374 E.47401
G1 X.95 Y8.626 E.08835
G1 X11.374 Y19.05 E.47401
G1 X16.302 Y19.05 E.15849
G1 X19.05 Y16.302 E.12494
G1 X19.05 Y19.05 E.08835
G1 X.95 Y.95 E.82308
G1 X.95 Y3.698 E.08835
G1 X3.698 Y.95 E.12494
G1 X5.326 Y.95 E.05236
;LAYER_CHANGE
;Z:17
;HEIGHT:0.200001
;BEFORE_LAYER_CHANGE
;17
G92 E0

G1 E-.8 F2400
;WIPE_START
G1 F1551.487
G1 X3.698 Y.95
G1 X3.435 Y1.213
;WIPE_END
EXCLUDE_OBJECT_END NAME=f4002d18-e224-45f4-be44-c8ecfbbb1563.stl_id_0_copy_0
;_SET_FAN_SPEED_CHANGING_LAYER
EXCLUDE_OBJECT_START NAME=f4002d18-e224-45f4-be44-c8ecfbbb1563.stl_id_0_copy_0
G1 X8.388 Y7.02 Z17.4 F24000
G1 X18.948 Y19.398 Z17.4
G1 Z17
G1 E.8 F2400
SET_VELOCITY_LIMIT ACCEL=2000 ACCEL_TO_DECEL=1000 SQUARE_CORNER_VELOCITY=6
;TYPE:Inner wall
G1 F1551.487
G1 X.602 Y19.398 E.58994
G1 X.602 Y.602 E.60441
G1 X19.398 Y.602 E.60441
G1 X19.398 Y19.398 E.60441
G1 X18.988 Y19.398 E.01318
G1 X19.79 Y19.79 F24000
;TYPE:Outer wall
;WIDTH:0.42
G1 F1674.922
G1 X.21 Y19.79 E.58322
G1 X.21 Y.21 E.58322
G1 X19.79 Y.21 E.58322
G1 X19.79 Y19.75 E.58203
SET_VELOCITY_LIMIT ACCEL=8000 ACCEL_TO_DECEL=4000 SQUARE_CORNER_VELOCITY=8
G1 E-.8 F2400
;WIPE_START
G1 F1674.922
G1 X17.79 Y19.754
;WIPE_END
G1 X13.573 Y13.392 Z17.4 F24000
G1 X5.326 Y.95 Z17.4
G1 Z17
G1 E.8 F2400
;TYPE:Sparse infill
;WIDTH:0.45
G1 F1551.487
G1 X3.698 Y.95 E.05236
G1 X.95 Y3.698 E.12494
G1 X.95 Y.95 E.08835
G1 X19.05 Y19.05 E.82308
G1 X19.05 Y16.302 E.08835
M73 P79 R5
G1 X16.302 Y19.05 E.12494
G1 X11.374 Y19.05 E.15849
G1 X.95 Y8.626 E.47401
G1 X.95 Y11.374 E.08835
G1 X11.374 Y.95 E.47401
G1 X8.626 Y.95 E.08835
G1 X19.05 Y11.374 E.47401
G1 X19.05 Y8.626 E.08835
G1 X8.626 Y19.05 E.47401
G1 X3.698 Y19.05 E.15849
G1 X.95 Y16.302 E.12494
G1 X.95 Y19.05 E.08835
G1 X19.05 Y.95 E.82308
G1 X16.302 Y.95 E.08835
G1 X19.05 Y3.698 E.12494
G1 X19.05 Y5.326 E.05236
;LAYER_CHANGE
;Z:17.2
;HEIGHT:0.200001
;BEFORE_LAYER_CHANGE
;17.2
G92 E0

G1 E-.8 F2400
;WIPE_START
G1 F1551.487
G1 X19.05 Y3.698
G1 X18.787 Y3.435
;WIPE_END
EXCLUDE_OBJECT_END NAME=f4002d18-e224-45f4-be44-c8ecfbbb1563.stl_id_0_copy_0
;_SET_FAN_SPEED_CHANGING_LAYER
EXCLUDE_OBJECT_START NAME=f4002d18-e224-45f4-be44-c8ecfbbb1563.stl_id_0_copy_0
G1 X18.864 Y11.067 Z17.6 F24000
G1 X18.948 Y19.398 Z17.6
G1 Z17.2
G1 E.8 F2400
SET_VELOCITY_LIMIT ACCEL=2000 ACCEL_TO_DECEL=1000 SQUARE_CORNER_VELOCITY=6
;TYPE:Inner wall
G1 F1551.487
G1 X.602 Y19.398 E.58994
G1 X.602 Y.602 E.60441
G1 X19.398 Y.602 E.60441
G1 X19.398 Y19.398 E.60441
G1 X18.988 Y19.398 E.01318
G1 X19.79 Y19.79 F24000
;TYPE:Outer wall
;WIDTH:0.42
G1 F1674.922
G1 X.21 Y19.79 E.58322
G1 X.21 Y.21 E.58322
G1 X19.79 Y.21 E.58322
G1 X19.79 Y19.75 E.58203
SET_VELOCITY_LIMIT ACCEL=8000 ACCEL_TO_DECEL=4000 SQUARE_CORNER_VELOCITY=8
G1 E-.8 F2400
;WIPE_START
G1 F1674.922
G1 X17.79 Y19.754
;WIPE_END
G1 X18.454 Y12.151 Z17.6 F24000
G1 X19.05 Y5.326 Z17.6
G1 Z17.2
G1 E.8 F2400
;TYPE:Sparse infill
;WIDTH:0.45
G1 F1551.487
G1 X19.05 Y3.698 E.05236
G1 X16.302 Y.95 E.12494
G1 X19.05 Y.95 E.08835
G1 X.95 Y19.05 E.82308
G1 X.95 Y16.302 E.08835
G1 X3.698 Y19.05 E.12494
G1 X8.626 Y19.05 E.15849
G1 X19.05 Y8.626 E.47401
G1 X19.05 Y11.374 E.08835
G1 X8.626 Y.95 E.47401
G1 X11.374 Y.95 E.08835
G1 X.95 Y11.374 E.47401
G1 X.95 Y8.626 E.08835
G1 X11.374 Y19.05 E.47401
G1 X16.302 Y19.05 E.15849
G1 X19.05 Y16.302 E.12494
G1 X19.05 Y19.05 E.08835
G1 X.95 Y.95 E.82308
G1 X.95 Y3.698 E.08835
M73 P80 R5
G1 X3.698 Y.95 E.12494
G1 X5.326 Y.95 E.05236
;LAYER_CHANGE
;Z:17.4
;HEIGHT:0.199999
;BEFORE_LAYER_CHANGE
;17.4
G92 E0

G1 E-.8 F2400
;WIPE_START
G1 F1551.487
G1 X3.698 Y.95
G1 X3.435 Y1.213
;WIPE_END
EXCLUDE_OBJECT_END NAME=f4002d18-e224-45f4-be44-c8ecfbbb1563.stl_id_0_copy_0
;_SET_FAN_SPEED_CHANGING_LAYER
EXCLUDE_OBJECT_START NAME=f4002d18-e224-45f4-be44-c8ecfbbb1563.stl_id_0_copy_0
G1 X8.388 Y7.02 Z17.8 F24000
G1 X18.948 Y19.398 Z17.8
G1 Z17.4
G1 E.8 F2400
SET_VELOCITY_LIMIT ACCEL=2000 ACCEL_TO_DECEL=1000 SQUARE_CORNER_VELOCITY=6
;TYPE:Inner wall
G1 F1551.487
G1 X.602 Y19.398 E.58994
G1 X.602 Y.602 E.60441
G1 X19.398 Y.602 E.60441
G1 X19.398 Y19.398 E.60441
G1 X18.988 Y19.398 E.01318
G1 X19.79 Y19.79 F24000
;TYPE:Outer wall
;WIDTH:0.42
G1 F1674.922
G1 X.21 Y19.79 E.58322
G1 X.21 Y.21 E.58322
G1 X19.79 Y.21 E.58322
G1 X19.79 Y19.75 E.58203
SET_VELOCITY_LIMIT ACCEL=8000 ACCEL_TO_DECEL=4000 SQUARE_CORNER_VELOCITY=8
G1 E-.8 F2400
;WIPE_START
G1 F1674.922
G1 X17.79 Y19.754
;WIPE_END
G1 X13.573 Y13.392 Z17.8 F24000
G1 X5.326 Y.95 Z17.8
G1 Z17.4
G1 E.8 F2400
;TYPE:Sparse infill
;WIDTH:0.45
G1 F1551.487
G1 X3.698 Y.95 E.05236
G1 X.95 Y3.698 E.12494
G1 X.95 Y.95 E.08835
G1 X19.05 Y19.05 E.82308
G1 X19.05 Y16.302 E.08835
G1 X16.302 Y19.05 E.12494
G1 X11.374 Y19.05 E.15849
G1 X.95 Y8.626 E.47401
G1 X.95 Y11.374 E.08835
G1 X11.374 Y.95 E.47401
G1 X8.626 Y.95 E.08835
G1 X19.05 Y11.374 E.47401
G1 X19.05 Y8.626 E.08835
G1 X8.626 Y19.05 E.47401
G1 X3.698 Y19.05 E.15849
G1 X.95 Y16.302 E.12494
G1 X.95 Y19.05 E.08835
G1 X19.05 Y.95 E.82308
G1 X16.302 Y.95 E.08835
G1 X19.05 Y3.698 E.12494
G1 X19.05 Y5.326 E.05236
;LAYER_CHANGE
;Z:17.6
;HEIGHT:0.200001
;BEFORE_LAYER_CHANGE
;17.6
G92 E0

G1 E-.8 F2400
;WIPE_START
G1 F1551.487
G1 X19.05 Y3.698
G1 X18.787 Y3.435
;WIPE_END
EXCLUDE_OBJECT_END NAME=f4002d18-e224-45f4-be44-c8ecfbbb1563.stl_id_0_copy_0
;_SET_FAN_SPEED_CHANGING_LAYER
EXCLUDE_OBJECT_START NAME=f4002d18-e224-45f4-be44-c8ecfbbb1563.stl_id_0_copy_0
G1 X18.864 Y11.067 Z18 F24000
G1 X18.948 Y19.398 Z18
G1 Z17.6
G1 E.8 F2400
SET_VELOCITY_LIMIT ACCEL=2000 ACCEL_TO_DECEL=1000 SQUARE_CORNER_VELOCITY=6
;TYPE:Inner wall
G1 F1551.487
G1 X.602 Y19.398 E.58994
G1 X.602 Y.602 E.60441
G1 X19.398 Y.602 E.60441
G1 X19.398 Y19.398 E.60441
G1 X18.988 Y19.398 E.01318
M73 P81 R5
G1 X19.79 Y19.79 F24000
;TYPE:Outer wall
;WIDTH:0.42
G1 F1674.922
G1 X.21 Y19.79 E.58322
G1 X.21 Y.21 E.58322
G1 X19.79 Y.21 E.58322
G1 X19.79 Y19.75 E.58203
SET_VELOCITY_LIMIT ACCEL=8000 ACCEL_TO_DECEL=4000 SQUARE_CORNER_VELOCITY=8
G1 E-.8 F2400
;WIPE_START
G1 F1674.922
G1 X17.79 Y19.754
;WIPE_END
G1 X18.454 Y12.151 Z18 F24000
G1 X19.05 Y5.326 Z18
G1 Z17.6
G1 E.8 F2400
;TYPE:Sparse infill
;WIDTH:0.45
G1 F1551.487
G1 X19.05 Y3.698 E.05236
G1 X16.302 Y.95 E.12494
G1 X19.05 Y.95 E.08835
G1 X.95 Y19.05 E.82308
G1 X.95 Y16.302 E.08835
G1 X3.698 Y19.05 E.12494
G1 X8.626 Y19.05 E.15849
G1 X19.05 Y8.626 E.47401
G1 X19.05 Y11.374 E.08835
G1 X8.626 Y.95 E.47401
G1 X11.374 Y.95 E.08835
G1 X.95 Y11.374 E.47401
G1 X.95 Y8.626 E.08835
G1 X11.374 Y19.05 E.47401
G1 X16.302 Y19.05 E.15849
G1 X19.05 Y16.302 E.12494
G1 X19.05 Y19.05 E.08835
G1 X.95 Y.95 E.82308
G1 X.95 Y3.698 E.08835
G1 X3.698 Y.95 E.12494
G1 X5.326 Y.95 E.05236
M73 P81 R4
;LAYER_CHANGE
;Z:17.8
;HEIGHT:0.199999
;BEFORE_LAYER_CHANGE
;17.8
G92 E0

G1 E-.8 F2400
;WIPE_START
G1 F1551.487
G1 X3.698 Y.95
G1 X3.435 Y1.213
;WIPE_END
EXCLUDE_OBJECT_END NAME=f4002d18-e224-45f4-be44-c8ecfbbb1563.stl_id_0_copy_0
;_SET_FAN_SPEED_CHANGING_LAYER
EXCLUDE_OBJECT_START NAME=f4002d18-e224-45f4-be44-c8ecfbbb1563.stl_id_0_copy_0
G1 X8.388 Y7.02 Z18.2 F24000
G1 X18.948 Y19.398 Z18.2
G1 Z17.8
G1 E.8 F2400
SET_VELOCITY_LIMIT ACCEL=2000 ACCEL_TO_DECEL=1000 SQUARE_CORNER_VELOCITY=6
;TYPE:Inner wall
G1 F1551.487
G1 X.602 Y19.398 E.58994
G1 X.602 Y.602 E.60441
G1 X19.398 Y.602 E.60441
G1 X19.398 Y19.398 E.60441
G1 X18.988 Y19.398 E.01318
G1 X19.79 Y19.79 F24000
;TYPE:Outer wall
;WIDTH:0.42
G1 F1674.922
G1 X.21 Y19.79 E.58322
G1 X.21 Y.21 E.58322
G1 X19.79 Y.21 E.58322
G1 X19.79 Y19.75 E.58203
SET_VELOCITY_LIMIT ACCEL=8000 ACCEL_TO_DECEL=4000 SQUARE_CORNER_VELOCITY=8
G1 E-.8 F2400
;WIPE_START
G1 F1674.922
G1 X17.79 Y19.754
;WIPE_END
G1 X13.573 Y13.392 Z18.2 F24000
G1 X5.326 Y.95 Z18.2
G1 Z17.8
M73 P82 R4
G1 E.8 F2400
;TYPE:Sparse infill
;WIDTH:0.45
G1 F1551.487
G1 X3.698 Y.95 E.05236
G1 X.95 Y3.698 E.12494
G1 X.95 Y.95 E.08835
G1 X19.05 Y19.05 E.82308
G1 X19.05 Y16.302 E.08835
G1 X16.302 Y19.05 E.12494
G1 X11.374 Y19.05 E.15849
G1 X.95 Y8.626 E.47401
G1 X.95 Y11.374 E.08835
G1 X11.374 Y.95 E.47401
G1 X8.626 Y.95 E.08835
G1 X19.05 Y11.374 E.47401
G1 X19.05 Y8.626 E.08835
G1 X8.626 Y19.05 E.47401
G1 X3.698 Y19.05 E.15849
G1 X.95 Y16.302 E.12494
G1 X.95 Y19.05 E.08835
G1 X19.05 Y.95 E.82308
G1 X16.302 Y.95 E.08835
G1 X19.05 Y3.698 E.12494
G1 X19.05 Y5.326 E.05236
;LAYER_CHANGE
;Z:18
;HEIGHT:0.200001
;BEFORE_LAYER_CHANGE
;18
G92 E0

G1 E-.8 F2400
;WIPE_START
G1 F1551.487
G1 X19.05 Y3.698
G1 X18.787 Y3.435
;WIPE_END
EXCLUDE_OBJECT_END NAME=f4002d18-e224-45f4-be44-c8ecfbbb1563.stl_id_0_copy_0
;_SET_FAN_SPEED_CHANGING_LAYER
EXCLUDE_OBJECT_START NAME=f4002d18-e224-45f4-be44-c8ecfbbb1563.stl_id_0_copy_0
G1 X18.864 Y11.067 Z18.4 F24000
G1 X18.948 Y19.398 Z18.4
G1 Z18
G1 E.8 F2400
SET_VELOCITY_LIMIT ACCEL=2000 ACCEL_TO_DECEL=1000 SQUARE_CORNER_VELOCITY=6
;TYPE:Inner wall
G1 F1551.487
G1 X.602 Y19.398 E.58994
G1 X.602 Y.602 E.60441
G1 X19.398 Y.602 E.60441
G1 X19.398 Y19.398 E.60441
G1 X18.988 Y19.398 E.01318
G1 X19.79 Y19.79 F24000
;TYPE:Outer wall
;WIDTH:0.42
G1 F1674.922
G1 X.21 Y19.79 E.58322
G1 X.21 Y.21 E.58322
G1 X19.79 Y.21 E.58322
G1 X19.79 Y19.75 E.58203
SET_VELOCITY_LIMIT ACCEL=8000 ACCEL_TO_DECEL=4000 SQUARE_CORNER_VELOCITY=8
G1 E-.8 F2400
;WIPE_START
G1 F1674.922
G1 X17.79 Y19.754
;WIPE_END
G1 X18.454 Y12.151 Z18.4 F24000
G1 X19.05 Y5.326 Z18.4
G1 Z18
G1 E.8 F2400
;TYPE:Sparse infill
;WIDTH:0.45
G1 F1551.487
G1 X19.05 Y3.698 E.05236
G1 X16.302 Y.95 E.12494
G1 X19.05 Y.95 E.08835
G1 X.95 Y19.05 E.82308
G1 X.95 Y16.302 E.08835
G1 X3.698 Y19.05 E.12494
G1 X8.626 Y19.05 E.15849
G1 X19.05 Y8.626 E.47401
G1 X19.05 Y11.374 E.08835
G1 X8.626 Y.95 E.47401
G1 X11.374 Y.95 E.08835
G1 X.95 Y11.374 E.47401
G1 X.95 Y8.626 E.08835
M73 P83 R4
G1 X11.374 Y19.05 E.47401
G1 X16.302 Y19.05 E.15849
G1 X19.05 Y16.302 E.12494
G1 X19.05 Y19.05 E.08835
G1 X.95 Y.95 E.82308
G1 X.95 Y3.698 E.08835
G1 X3.698 Y.95 E.12494
G1 X5.326 Y.95 E.05236
;LAYER_CHANGE
;Z:18.2
;HEIGHT:0.200001
;BEFORE_LAYER_CHANGE
;18.2
G92 E0

G1 E-.8 F2400
;WIPE_START
G1 F1551.487
G1 X3.698 Y.95
G1 X3.435 Y1.213
;WIPE_END
EXCLUDE_OBJECT_END NAME=f4002d18-e224-45f4-be44-c8ecfbbb1563.stl_id_0_copy_0
;_SET_FAN_SPEED_CHANGING_LAYER
EXCLUDE_OBJECT_START NAME=f4002d18-e224-45f4-be44-c8ecfbbb1563.stl_id_0_copy_0
G1 X8.388 Y7.02 Z18.6 F24000
G1 X18.948 Y19.398 Z18.6
G1 Z18.2
G1 E.8 F2400
SET_VELOCITY_LIMIT ACCEL=2000 ACCEL_TO_DECEL=1000 SQUARE_CORNER_VELOCITY=6
;TYPE:Inner wall
G1 F1551.487
G1 X.602 Y19.398 E.58994
G1 X.602 Y.602 E.60441
G1 X19.398 Y.602 E.60441
G1 X19.398 Y19.398 E.60441
G1 X18.988 Y19.398 E.01318
G1 X19.79 Y19.79 F24000
;TYPE:Outer wall
;WIDTH:0.42
G1 F1674.922
G1 X.21 Y19.79 E.58322
G1 X.21 Y.21 E.58322
G1 X19.79 Y.21 E.58322
G1 X19.79 Y19.75 E.58203
SET_VELOCITY_LIMIT ACCEL=8000 ACCEL_TO_DECEL=4000 SQUARE_CORNER_VELOCITY=8
G1 E-.8 F2400
;WIPE_START
G1 F1674.922
G1 X17.79 Y19.754
;WIPE_END
G1 X13.573 Y13.392 Z18.6 F24000
G1 X5.326 Y.95 Z18.6
G1 Z18.2
G1 E.8 F2400
;TYPE:Sparse infill
;WIDTH:0.45
G1 F1551.487
G1 X3.698 Y.95 E.05236
G1 X.95 Y3.698 E.12494
G1 X.95 Y.95 E.08835
G1 X19.05 Y19.05 E.82308
G1 X19.05 Y16.302 E.08835
G1 X16.302 Y19.05 E.12494
G1 X11.374 Y19.05 E.15849
G1 X.95 Y8.626 E.47401
G1 X.95 Y11.374 E.08835
G1 X11.374 Y.95 E.47401
G1 X8.626 Y.95 E.08835
G1 X19.05 Y11.374 E.47401
G1 X19.05 Y8.626 E.08835
G1 X8.626 Y19.05 E.47401
G1 X3.698 Y19.05 E.15849
G1 X.95 Y16.302 E.12494
G1 X.95 Y19.05 E.08835
G1 X19.05 Y.95 E.82308
G1 X16.302 Y.95 E.08835
G1 X19.05 Y3.698 E.12494
G1 X19.05 Y5.326 E.05236
;LAYER_CHANGE
;Z:18.4
;HEIGHT:0.199999
;BEFORE_LAYER_CHANGE
;18.4
G92 E0

G1 E-.8 F2400
;WIPE_START
G1 F1551.487
G1 X19.05 Y3.698
G1 X18.787 Y3.435
;WIPE_END
EXCLUDE_OBJECT_END NAME=f4002d18-e224-45f4-be44-c8ecfbbb1563.stl_id_0_copy_0
;_SET_FAN_SPEED_CHANGING_LAYER
EXCLUDE_OBJECT_START NAME=f4002d18-e224-45f4-be44-c8ecfbbb1563.stl_id_0_copy_0
G1 X18.864 Y11.067 Z18.8 F24000
G1 X18.948 Y19.398 Z18.8
G1 Z18.4
G1 E.8 F2400
SET_VELOCITY_LIMIT ACCEL=2000 ACCEL_TO_DECEL=1000 SQUARE_CORNER_VELOCITY=6
;TYPE:Inner wall
G1 F1551.487
G1 X.602 Y19.398 E.58994
G1 X.602 Y.602 E.60441
G1 X19.398 Y.602 E.60441
M73 P84 R4
G1 X19.398 Y19.398 E.60441
G1 X18.988 Y19.398 E.01318
G1 X19.79 Y19.79 F24000
;TYPE:Outer wall
;WIDTH:0.42
G1 F1674.922
G1 X.21 Y19.79 E.58322
G1 X.21 Y.21 E.58322
G1 X19.79 Y.21 E.58322
G1 X19.79 Y19.75 E.58203
SET_VELOCITY_LIMIT ACCEL=8000 ACCEL_TO_DECEL=4000 SQUARE_CORNER_VELOCITY=8
G1 E-.8 F2400
;WIPE_START
G1 F1674.922
G1 X17.79 Y19.754
;WIPE_END
G1 X18.454 Y12.151 Z18.8 F24000
G1 X19.05 Y5.326 Z18.8
G1 Z18.4
G1 E.8 F2400
;TYPE:Sparse infill
;WIDTH:0.45
G1 F1551.487
G1 X19.05 Y3.698 E.05236
G1 X16.302 Y.95 E.12494
G1 X19.05 Y.95 E.08835
G1 X.95 Y19.05 E.82308
G1 X.95 Y16.302 E.08835
G1 X3.698 Y19.05 E.12494
G1 X8.626 Y19.05 E.15849
G1 X19.05 Y8.626 E.47401
G1 X19.05 Y11.374 E.08835
G1 X8.626 Y.95 E.47401
G1 X11.374 Y.95 E.08835
G1 X.95 Y11.374 E.47401
G1 X.95 Y8.626 E.08835
G1 X11.374 Y19.05 E.47401
G1 X16.302 Y19.05 E.15849
G1 X19.05 Y16.302 E.12494
G1 X19.05 Y19.05 E.08835
G1 X.95 Y.95 E.82308
G1 X.95 Y3.698 E.08835
G1 X3.698 Y.95 E.12494
G1 X5.326 Y.95 E.05236
;LAYER_CHANGE
;Z:18.6
;HEIGHT:0.200001
;BEFORE_LAYER_CHANGE
;18.6
G92 E0

G1 E-.8 F2400
;WIPE_START
G1 F1551.487
G1 X3.698 Y.95
G1 X3.435 Y1.213
;WIPE_END
EXCLUDE_OBJECT_END NAME=f4002d18-e224-45f4-be44-c8ecfbbb1563.stl_id_0_copy_0
;_SET_FAN_SPEED_CHANGING_LAYER
EXCLUDE_OBJECT_START NAME=f4002d18-e224-45f4-be44-c8ecfbbb1563.stl_id_0_copy_0
G1 X8.388 Y7.02 Z19 F24000
G1 X18.948 Y19.398 Z19
G1 Z18.6
G1 E.8 F2400
SET_VELOCITY_LIMIT ACCEL=2000 ACCEL_TO_DECEL=1000 SQUARE_CORNER_VELOCITY=6
;TYPE:Inner wall
G1 F1551.487
G1 X.602 Y19.398 E.58994
G1 X.602 Y.602 E.60441
G1 X19.398 Y.602 E.60441
G1 X19.398 Y19.398 E.60441
G1 X18.988 Y19.398 E.01318
G1 X19.79 Y19.79 F24000
;TYPE:Outer wall
;WIDTH:0.42
G1 F1674.922
G1 X.21 Y19.79 E.58322
G1 X.21 Y.21 E.58322
G1 X19.79 Y.21 E.58322
G1 X19.79 Y19.75 E.58203
M73 P85 R4
SET_VELOCITY_LIMIT ACCEL=8000 ACCEL_TO_DECEL=4000 SQUARE_CORNER_VELOCITY=8
G1 E-.8 F2400
;WIPE_START
G1 F1674.922
G1 X17.79 Y19.754
;WIPE_END
G1 X13.573 Y13.392 Z19 F24000
G1 X5.326 Y.95 Z19
G1 Z18.6
G1 E.8 F2400
;TYPE:Sparse infill
;WIDTH:0.45
G1 F1551.487
G1 X3.698 Y.95 E.05236
G1 X.95 Y3.698 E.12494
G1 X.95 Y.95 E.08835
G1 X19.05 Y19.05 E.82308
G1 X19.05 Y16.302 E.08835
G1 X16.302 Y19.05 E.12494
G1 X11.374 Y19.05 E.15849
G1 X.95 Y8.626 E.47401
G1 X.95 Y11.374 E.08835
G1 X11.374 Y.95 E.47401
G1 X8.626 Y.95 E.08835
G1 X19.05 Y11.374 E.47401
G1 X19.05 Y8.626 E.08835
M73 P85 R3
G1 X8.626 Y19.05 E.47401
G1 X3.698 Y19.05 E.15849
G1 X.95 Y16.302 E.12494
G1 X.95 Y19.05 E.08835
G1 X19.05 Y.95 E.82308
G1 X16.302 Y.95 E.08835
G1 X19.05 Y3.698 E.12494
G1 X19.05 Y5.326 E.05236
;LAYER_CHANGE
;Z:18.8
;HEIGHT:0.199999
;BEFORE_LAYER_CHANGE
;18.8
G92 E0

G1 E-.8 F2400
;WIPE_START
G1 F1551.487
G1 X19.05 Y3.698
G1 X18.787 Y3.435
;WIPE_END
EXCLUDE_OBJECT_END NAME=f4002d18-e224-45f4-be44-c8ecfbbb1563.stl_id_0_copy_0
;_SET_FAN_SPEED_CHANGING_LAYER
EXCLUDE_OBJECT_START NAME=f4002d18-e224-45f4-be44-c8ecfbbb1563.stl_id_0_copy_0
G1 X18.864 Y11.067 Z19.2 F24000
G1 X18.948 Y19.398 Z19.2
G1 Z18.8
G1 E.8 F2400
SET_VELOCITY_LIMIT ACCEL=2000 ACCEL_TO_DECEL=1000 SQUARE_CORNER_VELOCITY=6
;TYPE:Inner wall
G1 F1551.487
G1 X.602 Y19.398 E.58994
G1 X.602 Y.602 E.60441
G1 X19.398 Y.602 E.60441
G1 X19.398 Y19.398 E.60441
G1 X18.988 Y19.398 E.01318
G1 X19.79 Y19.79 F24000
;TYPE:Outer wall
;WIDTH:0.42
G1 F1674.922
G1 X.21 Y19.79 E.58322
G1 X.21 Y.21 E.58322
G1 X19.79 Y.21 E.58322
G1 X19.79 Y19.75 E.58203
SET_VELOCITY_LIMIT ACCEL=8000 ACCEL_TO_DECEL=4000 SQUARE_CORNER_VELOCITY=8
G1 E-.8 F2400
;WIPE_START
G1 F1674.922
G1 X17.79 Y19.754
;WIPE_END
G1 X18.454 Y12.151 Z19.2 F24000
G1 X19.05 Y5.326 Z19.2
G1 Z18.8
G1 E.8 F2400
;TYPE:Sparse infill
;WIDTH:0.45
G1 F1551.487
G1 X19.05 Y3.698 E.05236
G1 X16.302 Y.95 E.12494
G1 X19.05 Y.95 E.08835
G1 X.95 Y19.05 E.82308
G1 X.95 Y16.302 E.08835
G1 X3.698 Y19.05 E.12494
G1 X8.626 Y19.05 E.15849
G1 X19.05 Y8.626 E.47401
G1 X19.05 Y11.374 E.08835
G1 X8.626 Y.95 E.47401
M73 P86 R3
G1 X11.374 Y.95 E.08835
G1 X.95 Y11.374 E.47401
G1 X.95 Y8.626 E.08835
G1 X11.374 Y19.05 E.47401
G1 X16.302 Y19.05 E.15849
G1 X19.05 Y16.302 E.12494
G1 X19.05 Y19.05 E.08835
G1 X.95 Y.95 E.82308
G1 X.95 Y3.698 E.08835
G1 X3.698 Y.95 E.12494
G1 X5.326 Y.95 E.05236
M106 S245
;LAYER_CHANGE
;Z:19
;HEIGHT:0.200001
;BEFORE_LAYER_CHANGE
;19
G92 E0

G1 E-.8 F2400
;WIPE_START
G1 F1551.487
G1 X3.698 Y.95
G1 X3.435 Y1.213
;WIPE_END
EXCLUDE_OBJECT_END NAME=f4002d18-e224-45f4-be44-c8ecfbbb1563.stl_id_0_copy_0
;_SET_FAN_SPEED_CHANGING_LAYER
EXCLUDE_OBJECT_START NAME=f4002d18-e224-45f4-be44-c8ecfbbb1563.stl_id_0_copy_0
G1 X8.388 Y7.02 Z19.4 F24000
G1 X18.948 Y19.398 Z19.4
G1 Z19
G1 E.8 F2400
SET_VELOCITY_LIMIT ACCEL=2000 ACCEL_TO_DECEL=1000 SQUARE_CORNER_VELOCITY=6
;TYPE:Inner wall
G1 F1551.487
G1 X.602 Y19.398 E.58994
G1 X.602 Y.602 E.60441
G1 X19.398 Y.602 E.60441
G1 X19.398 Y19.398 E.60441
G1 X18.988 Y19.398 E.01318
G1 X19.79 Y19.79 F24000
;TYPE:Outer wall
;WIDTH:0.42
G1 F1674.922
G1 X.21 Y19.79 E.58322
G1 X.21 Y.21 E.58322
G1 X19.79 Y.21 E.58322
G1 X19.79 Y19.75 E.58203
SET_VELOCITY_LIMIT ACCEL=8000 ACCEL_TO_DECEL=4000 SQUARE_CORNER_VELOCITY=8
G1 E-.8 F2400
;WIPE_START
G1 F1674.922
G1 X17.79 Y19.754
;WIPE_END
G1 X12.115 Y14.65 Z19.4 F24000
G1 X1.327 Y4.949 Z19.4
G1 Z19
G1 E.8 F2400
;TYPE:Sparse infill
;WIDTH:0.45
G1 F1551.487
G1 X1.327 Y3.321 E.05236
G1 X3.321 Y1.327 E.09064
G1 X1.327 Y1.327 E.06409
G1 X18.673 Y18.673 E.78879
G1 X18.673 Y16.679 E.06409
G1 X16.679 Y18.673 E.09064
G1 X10.997 Y18.673 E.18274
G1 X1.327 Y9.003 E.43971
G1 X1.327 Y10.997 E.06409
G1 X10.997 Y1.327 E.43971
G1 X9.003 Y1.327 E.06409
G1 X18.673 Y10.997 E.43971
G1 X18.673 Y9.003 E.06409
G1 X9.003 Y18.673 E.43971
G1 X3.321 Y18.673 E.18274
G1 X1.327 Y16.679 E.09064
G1 X1.327 Y18.673 E.06409
G1 X18.673 Y1.327 E.78879
G1 X16.679 Y1.327 E.06409
G1 X18.673 Y3.321 E.09064
G1 X18.673 Y4.949 E.05236
G1 X.965 Y1.124 F24000
;TYPE:Internal solid infill
;WIDTH:0.383148
G1 F1856.343
G1 X.966 Y18.904 E.47784
G1 X.992 Y19.008 E.00289
M73 P87 R3
G1 X1.124 Y19.035 E.00362
G1 X18.904 Y19.034 E.47784
G1 X19.008 Y19.008 E.00289
G1 X19.035 Y18.876 E.00362
G1 X19.035 Y1.124 E.4771
G1 X19.008 Y.992 E.00362
G1 X18.876 Y.965 E.00362
G1 X1.096 Y.966 E.47784
G1 X.992 Y.992 E.00289
G1 X.973 Y1.085 E.00254
M106 S86
;LAYER_CHANGE
;Z:19.2
;HEIGHT:0.200001
;BEFORE_LAYER_CHANGE
;19.2
G92 E0

G1 E-.8 F2400
;WIPE_START
G1 F1856.343
G1 X.992 Y.992
G1 X1.096 Y.966
G1 X2.894 Y.966
;WIPE_END
EXCLUDE_OBJECT_END NAME=f4002d18-e224-45f4-be44-c8ecfbbb1563.stl_id_0_copy_0
;_SET_FAN_SPEED_CHANGING_LAYER
EXCLUDE_OBJECT_START NAME=f4002d18-e224-45f4-be44-c8ecfbbb1563.stl_id_0_copy_0
G1 X7.907 Y6.721 Z19.6 F24000
G1 X18.948 Y19.398 Z19.6
G1 Z19.2
G1 E.8 F2400
SET_VELOCITY_LIMIT ACCEL=2000 ACCEL_TO_DECEL=1000 SQUARE_CORNER_VELOCITY=6
;TYPE:Inner wall
;WIDTH:0.45
G1 F1551.487
G1 X.602 Y19.398 E.58994
G1 X.602 Y.602 E.60441
G1 X19.398 Y.602 E.60441
G1 X19.398 Y19.398 E.60441
G1 X18.988 Y19.398 E.01318
G1 X19.79 Y19.79 F24000
;TYPE:Outer wall
;WIDTH:0.42
G1 F1674.922
G1 X.21 Y19.79 E.58322
G1 X.21 Y.21 E.58322
G1 X19.79 Y.21 E.58322
G1 X19.79 Y19.75 E.58203
SET_VELOCITY_LIMIT ACCEL=8000 ACCEL_TO_DECEL=4000 SQUARE_CORNER_VELOCITY=8
G1 X19.231 Y18.27 F24000
SET_VELOCITY_LIMIT ACCEL=1000 ACCEL_TO_DECEL=500
;TYPE:Internal Bridge
;WIDTH:0.4
;HEIGHT:0.4
G1 F1005.189
M106 S255
G1 X18.473 Y19.028 E.05321
G1 X17.836 Y19.028 E.03159
G1 X19.028 Y17.836 E.08367
G1 X19.028 Y17.2 E.03159
G1 X17.2 Y19.028 E.12833
G1 X16.563 Y19.028 E.03159
G1 X19.028 Y16.563 E.173
G1 X19.028 Y15.927 E.03159
G1 X15.927 Y19.028 E.21767
G1 X15.291 Y19.028 E.03159
G1 X19.028 Y15.291 E.26234
G1 X19.028 Y14.654 E.03159
G1 X14.654 Y19.028 E.30701
G1 X14.018 Y19.028 E.03159
G1 X19.028 Y14.018 E.35168
G1 X19.028 Y13.381 E.03159
G1 X13.381 Y19.028 E.39635
G1 X12.745 Y19.028 E.03159
G1 X19.028 Y12.745 E.44102
G1 X19.028 Y12.109 E.03159
G1 X12.109 Y19.028 E.48569
G1 X11.472 Y19.028 E.03159
G1 X19.028 Y11.472 E.53036
G1 X19.028 Y10.836 E.03159
G1 X10.836 Y19.028 E.57503
G1 X10.199 Y19.028 E.03159
G1 X19.028 Y10.199 E.6197
G1 X19.028 Y9.563 E.03159
G1 X9.563 Y19.028 E.66437
G1 X8.927 Y19.028 E.03159
G1 X19.028 Y8.927 E.70904
G1 X19.028 Y8.29 E.03159
G1 X8.29 Y19.028 E.75371
G1 X7.654 Y19.028 E.03159
M73 P88 R3
G1 X19.028 Y7.654 E.79838
G1 X19.028 Y7.017 E.03159
G1 X7.017 Y19.028 E.84305
G1 X6.381 Y19.028 E.03159
G1 X19.028 Y6.381 E.88771
G1 X19.028 Y5.745 E.03159
G1 X5.745 Y19.028 E.93238
G1 X5.108 Y19.028 E.03159
G1 X19.028 Y5.108 E.97705
G1 X19.028 Y4.472 E.03159
G1 X4.472 Y19.028 E1.02172
G1 X3.836 Y19.028 E.03159
G1 X19.028 Y3.836 E1.06639
G1 X19.028 Y3.199 E.03159
G1 X3.199 Y19.028 E1.11106
G1 X2.563 Y19.028 E.03159
G1 X19.028 Y2.563 E1.15573
G1 X19.028 Y1.926 E.03159
G1 X1.926 Y19.028 E1.2004
G1 X1.29 Y19.028 E.03159
G1 X19.028 Y1.29 E1.24507
G1 X19.028 Y.972 E.01579
G1 X18.71 Y.972 E.0158
G1 X.972 Y18.71 E1.24506
G1 X.972 Y18.074 E.03159
M73 P88 R2
G1 X18.074 Y.972 E1.20039
G1 X17.437 Y.972 E.03159
M73 P89 R2
G1 X.972 Y17.437 E1.15572
G1 X.972 Y16.801 E.03159
G1 X16.801 Y.972 E1.11105
G1 X16.164 Y.972 E.03159
G1 X.972 Y16.164 E1.06638
G1 X.972 Y15.528 E.03159
G1 X15.528 Y.972 E1.02171
G1 X14.892 Y.972 E.03159
G1 X.972 Y14.892 E.97704
G1 X.972 Y14.255 E.03159
G1 X14.255 Y.972 E.93237
G1 X13.619 Y.972 E.03159
G1 X.972 Y13.619 E.8877
G1 X.972 Y12.982 E.03159
G1 X12.982 Y.972 E.84303
G1 X12.346 Y.972 E.03159
G1 X.972 Y12.346 E.79837
G1 X.972 Y11.71 E.03159
G1 X11.71 Y.972 E.7537
G1 X11.073 Y.972 E.03159
G1 X.972 Y11.073 E.70903
G1 X.972 Y10.437 E.03159
G1 X10.437 Y.972 E.66436
G1 X9.8 Y.972 E.03159
G1 X.972 Y9.8 E.61969
G1 X.972 Y9.164 E.03159
G1 X9.164 Y.972 E.57502
G1 X8.528 Y.972 E.03159
M73 P90 R2
G1 X.972 Y8.528 E.53035
G1 X.972 Y7.891 E.03159
G1 X7.891 Y.972 E.48568
G1 X7.255 Y.972 E.03159
G1 X.972 Y7.255 E.44101
G1 X.972 Y6.618 E.03159
G1 X6.618 Y.972 E.39634
G1 X5.982 Y.972 E.03159
G1 X.972 Y5.982 E.35167
G1 X.972 Y5.346 E.03159
G1 X5.346 Y.972 E.307
G1 X4.709 Y.972 E.03159
G1 X.972 Y4.709 E.26233
G1 X.972 Y4.073 E.03159
G1 X4.073 Y.972 E.21766
G1 X3.436 Y.972 E.03159
G1 X.972 Y3.436 E.17299
G1 X.972 Y2.8 E.03159
G1 X2.8 Y.972 E.12832
G1 X2.164 Y.972 E.03159
G1 X.972 Y2.164 E.08365
G1 X.972 Y1.527 E.03159
G1 X1.73 Y.769 E.0532
M106 S140
;LAYER_CHANGE
;Z:19.4
;HEIGHT:0.199999
;BEFORE_LAYER_CHANGE
;19.4
G92 E0

G1 E-.8 F2400
;WIPE_START
G1 F1005.189
G1 X.972 Y1.527
G1 X.972 Y2.164
G1 X1.178 Y1.957
;WIPE_END
EXCLUDE_OBJECT_END NAME=f4002d18-e224-45f4-be44-c8ecfbbb1563.stl_id_0_copy_0
;_SET_FAN_SPEED_CHANGING_LAYER
SET_VELOCITY_LIMIT ACCEL=8000 ACCEL_TO_DECEL=4000
EXCLUDE_OBJECT_START NAME=f4002d18-e224-45f4-be44-c8ecfbbb1563.stl_id_0_copy_0
G1 X6.625 Y7.304 Z19.8 F24000
G1 X18.948 Y19.398 Z19.8
G1 Z19.4
G1 E.8 F2400
SET_VELOCITY_LIMIT ACCEL=2000 ACCEL_TO_DECEL=1000 SQUARE_CORNER_VELOCITY=6
;TYPE:Inner wall
;WIDTH:0.45
G1 F1551.487
M106 S140
G1 X.602 Y19.398 E.58994
G1 X.602 Y.602 E.60441
G1 X19.398 Y.602 E.60441
G1 X19.398 Y19.398 E.60441
G1 X18.988 Y19.398 E.01318
G1 X19.79 Y19.79 F24000
;TYPE:Outer wall
;WIDTH:0.42
G1 F1674.922
G1 X.21 Y19.79 E.58322
G1 X.21 Y.21 E.58322
G1 X19.79 Y.21 E.58322
G1 X19.79 Y19.75 E.58203
SET_VELOCITY_LIMIT ACCEL=8000 ACCEL_TO_DECEL=4000 SQUARE_CORNER_VELOCITY=8
G1 E-.8 F2400
;WIPE_START
G1 F1674.922
G1 X17.79 Y19.754
;WIPE_END
G1 X18.438 Y12.149 Z19.8 F24000
G1 X19.234 Y2.812 Z19.8
G1 Z19.4
G1 E.8 F2400
;TYPE:Internal solid infill
;WIDTH:0.419999
G1 F1674.925
G1 X17.358 Y.935 E.07904
G1 X16.825 Y.935 E.01588
G1 X19.065 Y3.175 E.09435
G1 X19.065 Y3.708 E.01588
G1 X16.292 Y.935 E.11682
G1 X15.758 Y.935 E.01588
G1 X19.065 Y4.242 E.13928
G1 X19.065 Y4.775 E.01588
G1 X15.225 Y.935 E.16174
G1 X14.692 Y.935 E.01588
G1 X19.065 Y5.308 E.18421
G1 X19.065 Y5.842 E.01588
G1 X14.158 Y.935 E.20667
G1 X13.625 Y.935 E.01588
G1 X19.065 Y6.375 E.22913
G1 X19.065 Y6.908 E.01588
G1 X13.092 Y.935 E.2516
G1 X12.559 Y.935 E.01588
G1 X19.065 Y7.441 E.27406
G1 X19.065 Y7.975 E.01588
G1 X12.025 Y.935 E.29653
G1 X11.492 Y.935 E.01588
G1 X19.065 Y8.508 E.31899
G1 X19.065 Y9.041 E.01588
G1 X10.959 Y.935 E.34145
G1 X10.426 Y.935 E.01588
G1 X19.065 Y9.574 E.36392
G1 X19.065 Y10.108 E.01588
G1 X9.892 Y.935 E.38638
G1 X9.359 Y.935 E.01588
G1 X19.065 Y10.641 E.40884
G1 X19.065 Y11.174 E.01588
M73 P91 R2
G1 X8.826 Y.935 E.43131
G1 X8.293 Y.935 E.01588
G1 X19.065 Y11.707 E.45377
G1 X19.065 Y12.241 E.01588
G1 X7.759 Y.935 E.47624
G1 X7.226 Y.935 E.01588
G1 X19.065 Y12.774 E.4987
G1 X19.065 Y13.307 E.01588
G1 X6.693 Y.935 E.52116
G1 X6.159 Y.935 E.01588
G1 X19.065 Y13.841 E.54363
G1 X19.065 Y14.374 E.01588
G1 X5.626 Y.935 E.56609
G1 X5.093 Y.935 E.01588
G1 X19.065 Y14.907 E.58855
G1 X19.065 Y15.44 E.01588
G1 X4.56 Y.935 E.61102
G1 X4.026 Y.935 E.01588
G1 X19.065 Y15.974 E.63348
G1 X19.065 Y16.507 E.01588
G1 X3.493 Y.935 E.65595
G1 X2.96 Y.935 E.01588
G1 X19.065 Y17.04 E.67841
G1 X19.065 Y17.573 E.01588
G1 X2.427 Y.935 E.70087
G1 X1.893 Y.935 E.01588
G1 X19.065 Y18.107 E.72334
G1 X19.065 Y18.64 E.01588
G1 X1.36 Y.935 E.7458
G1 X.935 Y.935 E.01265
G1 X.935 Y1.044 E.00324
G1 X18.956 Y19.065 E.75911
G1 X18.423 Y19.065 E.01588
G1 X.935 Y1.577 E.73665
G1 X.935 Y2.111 E.01588
G1 X17.889 Y19.065 E.71419
G1 X17.356 Y19.065 E.01588
G1 X.935 Y2.644 E.69172
G1 X.935 Y3.177 E.01588
G1 X16.823 Y19.065 E.66926
G1 X16.29 Y19.065 E.01588
G1 X.935 Y3.71 E.64679
G1 X.935 Y4.244 E.01588
G1 X15.756 Y19.065 E.62433
M73 P92 R2
G1 X15.223 Y19.065 E.01588
G1 X.935 Y4.777 E.60187
G1 X.935 Y5.31 E.01588
G1 X14.69 Y19.065 E.5794
G1 X14.157 Y19.065 E.01588
G1 X.935 Y5.843 E.55694
G1 X.935 Y6.377 E.01588
G1 X13.623 Y19.065 E.53448
G1 X13.09 Y19.065 E.01588
G1 X.935 Y6.91 E.51201
G1 X.935 Y7.443 E.01588
G1 X12.557 Y19.065 E.48955
G1 X12.024 Y19.065 E.01588
G1 X.935 Y7.976 E.46708
G1 X.935 Y8.51 E.01588
G1 X11.49 Y19.065 E.44462
G1 X10.957 Y19.065 E.01588
G1 X.935 Y9.043 E.42216
G1 X.935 Y9.576 E.01588
G1 X10.424 Y19.065 E.39969
G1 X9.89 Y19.065 E.01588
G1 X.935 Y10.11 E.37723
G1 X.935 Y10.643 E.01588
G1 X9.357 Y19.065 E.35477
G1 X8.824 Y19.065 E.01588
G1 X.935 Y11.176 E.3323
G1 X.935 Y11.709 E.01588
G1 X8.291 Y19.065 E.30984
G1 X7.757 Y19.065 E.01588
G1 X.935 Y12.243 E.28737
G1 X.935 Y12.776 E.01588
G1 X7.224 Y19.065 E.26491
G1 X6.691 Y19.065 E.01588
G1 X.935 Y13.309 E.24245
G1 X.935 Y13.842 E.01588
G1 X6.158 Y19.065 E.21998
G1 X5.624 Y19.065 E.01588
G1 X.935 Y14.376 E.19752
G1 X.935 Y14.909 E.01588
G1 X5.091 Y19.065 E.17506
G1 X4.558 Y19.065 E.01588
G1 X.935 Y15.442 E.15259
G1 X.935 Y15.976 E.01588
M73 P92 R1
G1 X4.024 Y19.065 E.13013
G1 X3.491 Y19.065 E.01588
G1 X.935 Y16.509 E.10766
G1 X.935 Y17.042 E.01588
G1 X2.958 Y19.065 E.0852
G1 X2.425 Y19.065 E.01588
G1 X.935 Y17.575 E.06274
G1 X.935 Y18.109 E.01588
G1 X2.061 Y19.234 E.04742
G1 X1.488 Y19.194 F24000
;TYPE:Gap infill
;WIDTH:0.419971
G1 F1675.052
G1 X.806 Y18.512 E.02874
G1 X1.03 Y18.951 F24000
;TYPE:Internal solid infill
;WIDTH:0.442592
G1 F1580.243
G1 X.955 Y18.995 E.00273
G1 X1.035 Y19.029 E.00275
G1 X17.684 Y.994 F24000
;WIDTH:0.419999
G1 F1674.925
G1 X19.006 Y2.316 E.0557
G1 X19.006 Y.994 E.03938
G1 X17.724 Y.994 E.03819
G1 X18.643 Y1.338 F24000
;WIDTH:0.44039
G1 F1588.998
G1 X18.569 Y1.381 E.0027
G1 X18.648 Y1.416 E.00272
;LAYER_CHANGE
;Z:19.6
;HEIGHT:0.200001
;BEFORE_LAYER_CHANGE
;19.6
G92 E0

G1 E-.8 F2400
;WIPE_START
G1 F1588.998
G1 X18.569 Y1.381
G1 X18.643 Y1.338
;WIPE_END
EXCLUDE_OBJECT_END NAME=f4002d18-e224-45f4-be44-c8ecfbbb1563.stl_id_0_copy_0
;_SET_FAN_SPEED_CHANGING_LAYER
EXCLUDE_OBJECT_START NAME=f4002d18-e224-45f4-be44-c8ecfbbb1563.stl_id_0_copy_0
G1 X18.772 Y8.97 Z20 F24000
G1 X18.948 Y19.398 Z20
G1 Z19.6
G1 E.8 F2400
SET_VELOCITY_LIMIT ACCEL=2000 ACCEL_TO_DECEL=1000 SQUARE_CORNER_VELOCITY=6
;TYPE:Inner wall
;WIDTH:0.45
G1 F1551.487
G1 X.602 Y19.398 E.58994
G1 X.602 Y.602 E.60441
G1 X19.398 Y.602 E.60441
G1 X19.398 Y19.398 E.60441
G1 X18.988 Y19.398 E.01318
G1 X19.79 Y19.79 F24000
;TYPE:Outer wall
;WIDTH:0.42
G1 F1674.922
G1 X.21 Y19.79 E.58322
G1 X.21 Y.21 E.58322
G1 X19.79 Y.21 E.58322
M73 P93 R1
G1 X19.79 Y19.75 E.58203
SET_VELOCITY_LIMIT ACCEL=8000 ACCEL_TO_DECEL=4000 SQUARE_CORNER_VELOCITY=8
G1 E-.8 F2400
;WIPE_START
G1 F1674.922
G1 X17.79 Y19.754
;WIPE_END
G1 X17.684 Y19.006 Z20 F24000
G1 Z19.6
G1 E.8 F2400
;TYPE:Internal solid infill
;WIDTH:0.419999
G1 F1674.925
G1 X19.006 Y19.006 E.03938
G1 X19.006 Y17.684 E.03938
G1 X17.712 Y18.978 E.05451
G1 X18.643 Y18.576 F24000
;WIDTH:0.44039
G1 F1588.998
G1 X18.569 Y18.619 E.0027
G1 X18.648 Y18.653 E.00272
G1 X19.234 Y17.188 F24000
;WIDTH:0.419999
G1 F1674.925
G1 X17.358 Y19.065 E.07904
G1 X16.825 Y19.065 E.01588
G1 X19.065 Y16.825 E.09435
G1 X19.065 Y16.292 E.01588
G1 X16.292 Y19.065 E.11682
G1 X15.758 Y19.065 E.01588
G1 X19.065 Y15.758 E.13928
G1 X19.065 Y15.225 E.01588
G1 X15.225 Y19.065 E.16174
G1 X14.692 Y19.065 E.01588
G1 X19.065 Y14.692 E.18421
G1 X19.065 Y14.158 E.01588
G1 X14.158 Y19.065 E.20667
G1 X13.625 Y19.065 E.01588
G1 X19.065 Y13.625 E.22913
G1 X19.065 Y13.092 E.01588
G1 X13.092 Y19.065 E.2516
G1 X12.559 Y19.065 E.01588
G1 X19.065 Y12.559 E.27406
G1 X19.065 Y12.025 E.01588
G1 X12.025 Y19.065 E.29653
G1 X11.492 Y19.065 E.01588
G1 X19.065 Y11.492 E.31899
G1 X19.065 Y10.959 E.01588
G1 X10.959 Y19.065 E.34145
G1 X10.426 Y19.065 E.01588
G1 X19.065 Y10.426 E.36392
G1 X19.065 Y9.892 E.01588
G1 X9.892 Y19.065 E.38638
G1 X9.359 Y19.065 E.01588
G1 X19.065 Y9.359 E.40884
G1 X19.065 Y8.826 E.01588
G1 X8.826 Y19.065 E.43131
G1 X8.293 Y19.065 E.01588
G1 X19.065 Y8.293 E.45377
G1 X19.065 Y7.759 E.01588
G1 X7.759 Y19.065 E.47624
G1 X7.226 Y19.065 E.01588
G1 X19.065 Y7.226 E.4987
G1 X19.065 Y6.693 E.01588
G1 X6.693 Y19.065 E.52116
G1 X6.159 Y19.065 E.01588
G1 X19.065 Y6.159 E.54363
G1 X19.065 Y5.626 E.01588
G1 X5.626 Y19.065 E.56609
G1 X5.093 Y19.065 E.01588
G1 X19.065 Y5.093 E.58855
G1 X19.065 Y4.56 E.01588
G1 X4.56 Y19.065 E.61102
G1 X4.026 Y19.065 E.01588
G1 X19.065 Y4.026 E.63348
G1 X19.065 Y3.493 E.01588
G1 X3.493 Y19.065 E.65595
G1 X2.96 Y19.065 E.01588
G1 X19.065 Y2.96 E.67841
G1 X19.065 Y2.427 E.01588
G1 X2.427 Y19.065 E.70087
G1 X1.893 Y19.065 E.01588
G1 X19.065 Y1.893 E.72334
G1 X19.065 Y1.36 E.01588
M73 P94 R1
G1 X1.36 Y19.065 E.7458
G1 X.935 Y19.065 E.01265
G1 X.935 Y18.956 E.00324
G1 X18.956 Y.935 E.75911
G1 X18.423 Y.935 E.01588
G1 X.935 Y18.423 E.73665
G1 X.935 Y17.889 E.01588
G1 X17.89 Y.935 E.71419
G1 X17.356 Y.935 E.01588
G1 X.935 Y17.356 E.69172
G1 X.935 Y16.823 E.01588
G1 X16.823 Y.935 E.66926
G1 X16.29 Y.935 E.01588
G1 X.935 Y16.29 E.64679
G1 X.935 Y15.756 E.01588
G1 X15.756 Y.935 E.62433
G1 X15.223 Y.935 E.01588
G1 X.935 Y15.223 E.60187
G1 X.935 Y14.69 E.01588
G1 X14.69 Y.935 E.5794
G1 X14.157 Y.935 E.01588
G1 X.935 Y14.157 E.55694
G1 X.935 Y13.623 E.01588
G1 X13.623 Y.935 E.53448
G1 X13.09 Y.935 E.01588
G1 X.935 Y13.09 E.51201
G1 X.935 Y12.557 E.01588
G1 X12.557 Y.935 E.48955
G1 X12.024 Y.935 E.01588
G1 X.935 Y12.024 E.46708
G1 X.935 Y11.49 E.01588
G1 X11.49 Y.935 E.44462
G1 X10.957 Y.935 E.01588
G1 X.935 Y10.957 E.42216
G1 X.935 Y10.424 E.01588
G1 X10.424 Y.935 E.39969
G1 X9.89 Y.935 E.01588
G1 X.935 Y9.89 E.37723
G1 X.935 Y9.357 E.01588
G1 X9.357 Y.935 E.35477
G1 X8.824 Y.935 E.01588
G1 X.935 Y8.824 E.3323
G1 X.935 Y8.291 E.01588
G1 X8.291 Y.935 E.30984
G1 X7.757 Y.935 E.01588
G1 X.935 Y7.757 E.28737
G1 X.935 Y7.224 E.01588
G1 X7.224 Y.935 E.26491
G1 X6.691 Y.935 E.01588
G1 X.935 Y6.691 E.24245
M73 P95 R1
G1 X.935 Y6.158 E.01588
G1 X6.158 Y.935 E.21998
G1 X5.624 Y.935 E.01588
G1 X.935 Y5.624 E.19752
G1 X.935 Y5.091 E.01588
G1 X5.091 Y.935 E.17506
G1 X4.558 Y.935 E.01588
G1 X.935 Y4.558 E.15259
G1 X.935 Y4.024 E.01588
G1 X4.024 Y.935 E.13013
G1 X3.491 Y.935 E.01588
G1 X.935 Y3.491 E.10766
G1 X.935 Y2.958 E.01588
G1 X2.958 Y.935 E.0852
G1 X2.425 Y.935 E.01588
G1 X.935 Y2.425 E.06274
G1 X.935 Y1.891 E.01588
G1 X2.061 Y.766 E.04742
G1 X1.488 Y.806 F24000
;TYPE:Gap infill
;WIDTH:0.419969
G1 F1675.057
G1 X.806 Y1.488 E.02874
G1 X1.03 Y.962 F24000
;TYPE:Internal solid infill
;WIDTH:0.442592
G1 F1580.243
G1 X.955 Y1.005 E.00273
G1 X1.035 Y1.04 E.00275
;LAYER_CHANGE
;Z:19.8
;HEIGHT:0.199999
;BEFORE_LAYER_CHANGE
;19.8
G92 E0

G1 E-.8 F2400
;WIPE_START
G1 F1580.243
G1 X.955 Y1.005
G1 X1.03 Y.962
;WIPE_END
EXCLUDE_OBJECT_END NAME=f4002d18-e224-45f4-be44-c8ecfbbb1563.stl_id_0_copy_0
;_SET_FAN_SPEED_CHANGING_LAYER
EXCLUDE_OBJECT_START NAME=f4002d18-e224-45f4-be44-c8ecfbbb1563.stl_id_0_copy_0
G1 X6.35 Y6.436 Z20.2 F24000
G1 X18.948 Y19.398 Z20.2
G1 Z19.8
G1 E.8 F2400
SET_VELOCITY_LIMIT ACCEL=2000 ACCEL_TO_DECEL=1000 SQUARE_CORNER_VELOCITY=6
;TYPE:Inner wall
;WIDTH:0.45
G1 F1551.487
G1 X.602 Y19.398 E.58994
G1 X.602 Y.602 E.60441
G1 X19.398 Y.602 E.60441
G1 X19.398 Y19.398 E.60441
G1 X18.988 Y19.398 E.01318
G1 X19.79 Y19.79 F24000
;TYPE:Outer wall
;WIDTH:0.42
G1 F1674.922
G1 X.21 Y19.79 E.58322
G1 X.21 Y.21 E.58322
G1 X19.79 Y.21 E.58322
G1 X19.79 Y19.75 E.58203
SET_VELOCITY_LIMIT ACCEL=8000 ACCEL_TO_DECEL=4000 SQUARE_CORNER_VELOCITY=8
G1 E-.8 F2400
;WIPE_START
G1 F1674.922
G1 X17.79 Y19.754
;WIPE_END
G1 X18.438 Y12.149 Z20.2 F24000
G1 X19.234 Y2.812 Z20.2
G1 Z19.8
G1 E.8 F2400
;TYPE:Internal solid infill
;WIDTH:0.419999
G1 F1674.925
G1 X17.358 Y.935 E.07904
G1 X16.825 Y.935 E.01588
G1 X19.065 Y3.175 E.09435
G1 X19.065 Y3.708 E.01588
G1 X16.292 Y.935 E.11682
G1 X15.758 Y.935 E.01588
G1 X19.065 Y4.242 E.13928
G1 X19.065 Y4.775 E.01588
G1 X15.225 Y.935 E.16174
G1 X14.692 Y.935 E.01588
G1 X19.065 Y5.308 E.18421
G1 X19.065 Y5.842 E.01588
G1 X14.158 Y.935 E.20667
G1 X13.625 Y.935 E.01588
G1 X19.065 Y6.375 E.22913
G1 X19.065 Y6.908 E.01588
G1 X13.092 Y.935 E.2516
G1 X12.559 Y.935 E.01588
G1 X19.065 Y7.441 E.27406
G1 X19.065 Y7.975 E.01588
G1 X12.025 Y.935 E.29653
G1 X11.492 Y.935 E.01588
G1 X19.065 Y8.508 E.31899
G1 X19.065 Y9.041 E.01588
G1 X10.959 Y.935 E.34145
G1 X10.426 Y.935 E.01588
G1 X19.065 Y9.574 E.36392
G1 X19.065 Y10.108 E.01588
G1 X9.892 Y.935 E.38638
G1 X9.359 Y.935 E.01588
G1 X19.065 Y10.641 E.40884
G1 X19.065 Y11.174 E.01588
G1 X8.826 Y.935 E.43131
G1 X8.293 Y.935 E.01588
G1 X19.065 Y11.707 E.45377
G1 X19.065 Y12.241 E.01588
G1 X7.759 Y.935 E.47624
G1 X7.226 Y.935 E.01588
G1 X19.065 Y12.774 E.4987
G1 X19.065 Y13.307 E.01588
G1 X6.693 Y.935 E.52116
G1 X6.159 Y.935 E.01588
G1 X19.065 Y13.841 E.54363
M73 P96 R1
G1 X19.065 Y14.374 E.01588
G1 X5.626 Y.935 E.56609
G1 X5.093 Y.935 E.01588
G1 X19.065 Y14.907 E.58855
G1 X19.065 Y15.44 E.01588
G1 X4.56 Y.935 E.61102
G1 X4.026 Y.935 E.01588
G1 X19.065 Y15.974 E.63348
G1 X19.065 Y16.507 E.01588
G1 X3.493 Y.935 E.65595
G1 X2.96 Y.935 E.01588
G1 X19.065 Y17.04 E.67841
G1 X19.065 Y17.573 E.01588
G1 X2.427 Y.935 E.70087
G1 X1.893 Y.935 E.01588
M73 P96 R0
G1 X19.065 Y18.107 E.72334
G1 X19.065 Y18.64 E.01588
G1 X1.36 Y.935 E.7458
G1 X.935 Y.935 E.01265
G1 X.935 Y1.044 E.00324
G1 X18.956 Y19.065 E.75911
G1 X18.423 Y19.065 E.01588
G1 X.935 Y1.577 E.73665
G1 X.935 Y2.111 E.01588
G1 X17.889 Y19.065 E.71419
G1 X17.356 Y19.065 E.01588
G1 X.935 Y2.644 E.69172
G1 X.935 Y3.177 E.01588
G1 X16.823 Y19.065 E.66926
G1 X16.29 Y19.065 E.01588
G1 X.935 Y3.71 E.64679
G1 X.935 Y4.244 E.01588
G1 X15.756 Y19.065 E.62433
G1 X15.223 Y19.065 E.01588
G1 X.935 Y4.777 E.60187
G1 X.935 Y5.31 E.01588
G1 X14.69 Y19.065 E.5794
G1 X14.157 Y19.065 E.01588
G1 X.935 Y5.843 E.55694
G1 X.935 Y6.377 E.01588
G1 X13.623 Y19.065 E.53448
G1 X13.09 Y19.065 E.01588
M73 P97 R0
G1 X.935 Y6.91 E.51201
G1 X.935 Y7.443 E.01588
G1 X12.557 Y19.065 E.48955
G1 X12.024 Y19.065 E.01588
G1 X.935 Y7.976 E.46708
G1 X.935 Y8.51 E.01588
G1 X11.49 Y19.065 E.44462
G1 X10.957 Y19.065 E.01588
G1 X.935 Y9.043 E.42216
G1 X.935 Y9.576 E.01588
G1 X10.424 Y19.065 E.39969
G1 X9.89 Y19.065 E.01588
G1 X.935 Y10.11 E.37723
G1 X.935 Y10.643 E.01588
G1 X9.357 Y19.065 E.35477
G1 X8.824 Y19.065 E.01588
G1 X.935 Y11.176 E.3323
G1 X.935 Y11.709 E.01588
G1 X8.291 Y19.065 E.30984
G1 X7.757 Y19.065 E.01588
G1 X.935 Y12.243 E.28737
G1 X.935 Y12.776 E.01588
G1 X7.224 Y19.065 E.26491
G1 X6.691 Y19.065 E.01588
G1 X.935 Y13.309 E.24245
G1 X.935 Y13.842 E.01588
G1 X6.158 Y19.065 E.21998
G1 X5.624 Y19.065 E.01588
G1 X.935 Y14.376 E.19752
G1 X.935 Y14.909 E.01588
G1 X5.091 Y19.065 E.17506
G1 X4.558 Y19.065 E.01588
G1 X.935 Y15.442 E.15259
G1 X.935 Y15.976 E.01588
G1 X4.024 Y19.065 E.13013
G1 X3.491 Y19.065 E.01588
G1 X.935 Y16.509 E.10766
G1 X.935 Y17.042 E.01588
G1 X2.958 Y19.065 E.0852
G1 X2.425 Y19.065 E.01588
G1 X.935 Y17.575 E.06274
G1 X.935 Y18.109 E.01588
G1 X2.061 Y19.234 E.04742
G1 X1.488 Y19.194 F24000
;TYPE:Gap infill
;WIDTH:0.419971
G1 F1675.052
G1 X.806 Y18.512 E.02874
G1 X1.03 Y18.951 F24000
;TYPE:Internal solid infill
;WIDTH:0.442592
G1 F1580.243
G1 X.955 Y18.995 E.00273
G1 X1.035 Y19.029 E.00275
G1 X17.684 Y.994 F24000
;WIDTH:0.419999
G1 F1674.925
G1 X19.006 Y2.316 E.0557
G1 X19.006 Y.994 E.03938
G1 X17.724 Y.994 E.03819
G1 X18.643 Y1.338 F24000
;WIDTH:0.44039
G1 F1588.998
G1 X18.569 Y1.381 E.0027
G1 X18.648 Y1.416 E.00272
M106 S137
;LAYER_CHANGE
;Z:20
;HEIGHT:0.200001
;BEFORE_LAYER_CHANGE
;20
G92 E0

G1 E-.8 F2400
;WIPE_START
G1 F1588.998
G1 X18.569 Y1.381
G1 X18.643 Y1.338
;WIPE_END
EXCLUDE_OBJECT_END NAME=f4002d18-e224-45f4-be44-c8ecfbbb1563.stl_id_0_copy_0
;_SET_FAN_SPEED_CHANGING_LAYER
EXCLUDE_OBJECT_START NAME=f4002d18-e224-45f4-be44-c8ecfbbb1563.stl_id_0_copy_0
G1 X19.117 Y8.956 Z20.4 F24000
G1 X19.79 Y19.79 Z20.4
G1 Z20
G1 E.8 F2400
SET_VELOCITY_LIMIT ACCEL=2000 ACCEL_TO_DECEL=1000 SQUARE_CORNER_VELOCITY=6
;TYPE:Outer wall
;WIDTH:0.42
G1 F1674.922
G1 X.21 Y19.79 E.58322
G1 X.21 Y.21 E.58322
G1 X19.79 Y.21 E.58322
G1 X19.79 Y19.75 E.58203
SET_VELOCITY_LIMIT ACCEL=8000 ACCEL_TO_DECEL=4000 SQUARE_CORNER_VELOCITY=8
G1 X19.677 Y18.907 F24000
SET_VELOCITY_LIMIT ACCEL=2000 ACCEL_TO_DECEL=1000
;TYPE:Top surface
;WIDTH:0.423804
G1 F1658.192
G1 X18.907 Y19.677 E.03278
SET_VELOCITY_LIMIT ACCEL=8000 ACCEL_TO_DECEL=4000
G1 X18.368 Y19.677 F24000
SET_VELOCITY_LIMIT ACCEL=2000 ACCEL_TO_DECEL=1000
G1 F1658.192
G1 X19.677 Y18.368 E.0557
SET_VELOCITY_LIMIT ACCEL=8000 ACCEL_TO_DECEL=4000
G1 X19.677 Y17.829 F24000
SET_VELOCITY_LIMIT ACCEL=2000 ACCEL_TO_DECEL=1000
G1 F1658.192
G1 X17.829 Y19.677 E.07862
SET_VELOCITY_LIMIT ACCEL=8000 ACCEL_TO_DECEL=4000
G1 X17.291 Y19.677 F24000
SET_VELOCITY_LIMIT ACCEL=2000 ACCEL_TO_DECEL=1000
G1 F1658.192
G1 X19.677 Y17.291 E.10154
SET_VELOCITY_LIMIT ACCEL=8000 ACCEL_TO_DECEL=4000
G1 X19.677 Y16.752 F24000
SET_VELOCITY_LIMIT ACCEL=2000 ACCEL_TO_DECEL=1000
G1 F1658.192
G1 X16.752 Y19.677 E.12446
SET_VELOCITY_LIMIT ACCEL=8000 ACCEL_TO_DECEL=4000
G1 X16.213 Y19.677 F24000
SET_VELOCITY_LIMIT ACCEL=2000 ACCEL_TO_DECEL=1000
G1 F1658.192
G1 X19.677 Y16.213 E.14737
SET_VELOCITY_LIMIT ACCEL=8000 ACCEL_TO_DECEL=4000
G1 X19.677 Y15.675 F24000
SET_VELOCITY_LIMIT ACCEL=2000 ACCEL_TO_DECEL=1000
G1 F1658.192
G1 X15.675 Y19.677 E.17029
SET_VELOCITY_LIMIT ACCEL=8000 ACCEL_TO_DECEL=4000
G1 X15.136 Y19.677 F24000
SET_VELOCITY_LIMIT ACCEL=2000 ACCEL_TO_DECEL=1000
G1 F1658.192
G1 X19.677 Y15.136 E.19321
SET_VELOCITY_LIMIT ACCEL=8000 ACCEL_TO_DECEL=4000
G1 X19.677 Y14.597 F24000
SET_VELOCITY_LIMIT ACCEL=2000 ACCEL_TO_DECEL=1000
G1 F1658.192
G1 X14.597 Y19.677 E.21613
SET_VELOCITY_LIMIT ACCEL=8000 ACCEL_TO_DECEL=4000
G1 X14.059 Y19.677 F24000
SET_VELOCITY_LIMIT ACCEL=2000 ACCEL_TO_DECEL=1000
G1 F1658.192
G1 X19.677 Y14.059 E.23905
SET_VELOCITY_LIMIT ACCEL=8000 ACCEL_TO_DECEL=4000
G1 X19.677 Y13.52 F24000
SET_VELOCITY_LIMIT ACCEL=2000 ACCEL_TO_DECEL=1000
G1 F1658.192
G1 X13.52 Y19.677 E.26197
SET_VELOCITY_LIMIT ACCEL=8000 ACCEL_TO_DECEL=4000
G1 X12.981 Y19.677 F24000
SET_VELOCITY_LIMIT ACCEL=2000 ACCEL_TO_DECEL=1000
G1 F1658.192
G1 X19.677 Y12.981 E.28489
SET_VELOCITY_LIMIT ACCEL=8000 ACCEL_TO_DECEL=4000
G1 X19.677 Y12.443 F24000
SET_VELOCITY_LIMIT ACCEL=2000 ACCEL_TO_DECEL=1000
G1 F1658.192
G1 X12.443 Y19.677 E.30781
SET_VELOCITY_LIMIT ACCEL=8000 ACCEL_TO_DECEL=4000
G1 X11.904 Y19.677 F24000
SET_VELOCITY_LIMIT ACCEL=2000 ACCEL_TO_DECEL=1000
G1 F1658.192
G1 X19.677 Y11.904 E.33073
SET_VELOCITY_LIMIT ACCEL=8000 ACCEL_TO_DECEL=4000
G1 X19.677 Y11.365 F24000
SET_VELOCITY_LIMIT ACCEL=2000 ACCEL_TO_DECEL=1000
G1 F1658.192
G1 X11.365 Y19.677 E.35365
SET_VELOCITY_LIMIT ACCEL=8000 ACCEL_TO_DECEL=4000
G1 X10.827 Y19.677 F24000
SET_VELOCITY_LIMIT ACCEL=2000 ACCEL_TO_DECEL=1000
G1 F1658.192
G1 X19.677 Y10.827 E.37657
SET_VELOCITY_LIMIT ACCEL=8000 ACCEL_TO_DECEL=4000
G1 X19.677 Y10.288 F24000
SET_VELOCITY_LIMIT ACCEL=2000 ACCEL_TO_DECEL=1000
G1 F1658.192
G1 X10.288 Y19.677 E.39949
SET_VELOCITY_LIMIT ACCEL=8000 ACCEL_TO_DECEL=4000
G1 X9.749 Y19.677 F24000
M73 P98 R0
SET_VELOCITY_LIMIT ACCEL=2000 ACCEL_TO_DECEL=1000
G1 F1658.192
G1 X19.677 Y9.749 E.42241
SET_VELOCITY_LIMIT ACCEL=8000 ACCEL_TO_DECEL=4000
G1 X19.677 Y9.211 F24000
SET_VELOCITY_LIMIT ACCEL=2000 ACCEL_TO_DECEL=1000
G1 F1658.192
G1 X9.211 Y19.677 E.44533
SET_VELOCITY_LIMIT ACCEL=8000 ACCEL_TO_DECEL=4000
G1 X8.672 Y19.677 F24000
SET_VELOCITY_LIMIT ACCEL=2000 ACCEL_TO_DECEL=1000
G1 F1658.192
G1 X19.677 Y8.672 E.46825
SET_VELOCITY_LIMIT ACCEL=8000 ACCEL_TO_DECEL=4000
G1 X19.677 Y8.134 F24000
SET_VELOCITY_LIMIT ACCEL=2000 ACCEL_TO_DECEL=1000
G1 F1658.192
G1 X8.134 Y19.677 E.49117
SET_VELOCITY_LIMIT ACCEL=8000 ACCEL_TO_DECEL=4000
G1 X7.595 Y19.677 F24000
SET_VELOCITY_LIMIT ACCEL=2000 ACCEL_TO_DECEL=1000
G1 F1658.192
G1 X19.677 Y7.595 E.51408
SET_VELOCITY_LIMIT ACCEL=8000 ACCEL_TO_DECEL=4000
G1 X19.677 Y7.056 F24000
SET_VELOCITY_LIMIT ACCEL=2000 ACCEL_TO_DECEL=1000
G1 F1658.192
G1 X7.056 Y19.677 E.537
SET_VELOCITY_LIMIT ACCEL=8000 ACCEL_TO_DECEL=4000
G1 X6.518 Y19.677 F24000
SET_VELOCITY_LIMIT ACCEL=2000 ACCEL_TO_DECEL=1000
G1 F1658.192
G1 X19.677 Y6.518 E.55992
SET_VELOCITY_LIMIT ACCEL=8000 ACCEL_TO_DECEL=4000
G1 X19.677 Y5.979 F24000
SET_VELOCITY_LIMIT ACCEL=2000 ACCEL_TO_DECEL=1000
G1 F1658.192
G1 X5.979 Y19.677 E.58284
SET_VELOCITY_LIMIT ACCEL=8000 ACCEL_TO_DECEL=4000
G1 X5.44 Y19.677 F24000
SET_VELOCITY_LIMIT ACCEL=2000 ACCEL_TO_DECEL=1000
G1 F1658.192
G1 X19.677 Y5.44 E.60576
SET_VELOCITY_LIMIT ACCEL=8000 ACCEL_TO_DECEL=4000
G1 X19.677 Y4.902 F24000
SET_VELOCITY_LIMIT ACCEL=2000 ACCEL_TO_DECEL=1000
G1 F1658.192
G1 X4.902 Y19.677 E.62868
SET_VELOCITY_LIMIT ACCEL=8000 ACCEL_TO_DECEL=4000
G1 X4.363 Y19.677 F24000
SET_VELOCITY_LIMIT ACCEL=2000 ACCEL_TO_DECEL=1000
G1 F1658.192
G1 X19.677 Y4.363 E.6516
SET_VELOCITY_LIMIT ACCEL=8000 ACCEL_TO_DECEL=4000
G1 X19.677 Y3.824 F24000
SET_VELOCITY_LIMIT ACCEL=2000 ACCEL_TO_DECEL=1000
G1 F1658.192
G1 X3.824 Y19.677 E.67452
SET_VELOCITY_LIMIT ACCEL=8000 ACCEL_TO_DECEL=4000
G1 X3.286 Y19.677 F24000
SET_VELOCITY_LIMIT ACCEL=2000 ACCEL_TO_DECEL=1000
G1 F1658.192
G1 X19.677 Y3.286 E.69744
SET_VELOCITY_LIMIT ACCEL=8000 ACCEL_TO_DECEL=4000
G1 X19.677 Y2.747 F24000
SET_VELOCITY_LIMIT ACCEL=2000 ACCEL_TO_DECEL=1000
G1 F1658.192
G1 X2.747 Y19.677 E.72036
SET_VELOCITY_LIMIT ACCEL=8000 ACCEL_TO_DECEL=4000
G1 X2.208 Y19.677 F24000
SET_VELOCITY_LIMIT ACCEL=2000 ACCEL_TO_DECEL=1000
G1 F1658.192
G1 X19.677 Y2.208 E.74328
SET_VELOCITY_LIMIT ACCEL=8000 ACCEL_TO_DECEL=4000
G1 X19.677 Y1.67 F24000
SET_VELOCITY_LIMIT ACCEL=2000 ACCEL_TO_DECEL=1000
G1 F1658.192
G1 X1.67 Y19.677 E.7662
SET_VELOCITY_LIMIT ACCEL=8000 ACCEL_TO_DECEL=4000
G1 X1.131 Y19.677 F24000
SET_VELOCITY_LIMIT ACCEL=2000 ACCEL_TO_DECEL=1000
G1 F1658.192
G1 X19.677 Y1.131 E.78912
SET_VELOCITY_LIMIT ACCEL=8000 ACCEL_TO_DECEL=4000
G1 X19.677 Y.592 F24000
SET_VELOCITY_LIMIT ACCEL=2000 ACCEL_TO_DECEL=1000
G1 F1658.192
G1 X.592 Y19.677 E.81204
SET_VELOCITY_LIMIT ACCEL=8000 ACCEL_TO_DECEL=4000
G1 X.323 Y19.407 F24000
SET_VELOCITY_LIMIT ACCEL=2000 ACCEL_TO_DECEL=1000
G1 F1658.192
G1 X19.408 Y.323 E.81203
SET_VELOCITY_LIMIT ACCEL=8000 ACCEL_TO_DECEL=4000
G1 X18.869 Y.323 F24000
SET_VELOCITY_LIMIT ACCEL=2000 ACCEL_TO_DECEL=1000
G1 F1658.192
G1 X.323 Y18.869 E.78911
SET_VELOCITY_LIMIT ACCEL=8000 ACCEL_TO_DECEL=4000
G1 X.323 Y18.33 F24000
SET_VELOCITY_LIMIT ACCEL=2000 ACCEL_TO_DECEL=1000
G1 F1658.192
G1 X18.33 Y.323 E.76619
SET_VELOCITY_LIMIT ACCEL=8000 ACCEL_TO_DECEL=4000
G1 X17.792 Y.323 F24000
M73 P99 R0
SET_VELOCITY_LIMIT ACCEL=2000 ACCEL_TO_DECEL=1000
G1 F1658.192
G1 X.323 Y17.792 E.74327
SET_VELOCITY_LIMIT ACCEL=8000 ACCEL_TO_DECEL=4000
G1 X.323 Y17.253 F24000
SET_VELOCITY_LIMIT ACCEL=2000 ACCEL_TO_DECEL=1000
G1 F1658.192
G1 X17.253 Y.323 E.72035
SET_VELOCITY_LIMIT ACCEL=8000 ACCEL_TO_DECEL=4000
G1 X16.714 Y.323 F24000
SET_VELOCITY_LIMIT ACCEL=2000 ACCEL_TO_DECEL=1000
G1 F1658.192
G1 X.323 Y16.714 E.69744
SET_VELOCITY_LIMIT ACCEL=8000 ACCEL_TO_DECEL=4000
G1 X.323 Y16.176 F24000
SET_VELOCITY_LIMIT ACCEL=2000 ACCEL_TO_DECEL=1000
G1 F1658.192
G1 X16.176 Y.323 E.67452
SET_VELOCITY_LIMIT ACCEL=8000 ACCEL_TO_DECEL=4000
G1 X15.637 Y.323 F24000
SET_VELOCITY_LIMIT ACCEL=2000 ACCEL_TO_DECEL=1000
G1 F1658.192
G1 X.323 Y15.637 E.6516
SET_VELOCITY_LIMIT ACCEL=8000 ACCEL_TO_DECEL=4000
G1 X.323 Y15.098 F24000
SET_VELOCITY_LIMIT ACCEL=2000 ACCEL_TO_DECEL=1000
G1 F1658.192
G1 X15.098 Y.323 E.62868
SET_VELOCITY_LIMIT ACCEL=8000 ACCEL_TO_DECEL=4000
G1 X14.56 Y.323 F24000
SET_VELOCITY_LIMIT ACCEL=2000 ACCEL_TO_DECEL=1000
G1 F1658.192
G1 X.323 Y14.56 E.60576
SET_VELOCITY_LIMIT ACCEL=8000 ACCEL_TO_DECEL=4000
G1 X.323 Y14.021 F24000
SET_VELOCITY_LIMIT ACCEL=2000 ACCEL_TO_DECEL=1000
G1 F1658.192
G1 X14.021 Y.323 E.58284
SET_VELOCITY_LIMIT ACCEL=8000 ACCEL_TO_DECEL=4000
G1 X13.482 Y.323 F24000
SET_VELOCITY_LIMIT ACCEL=2000 ACCEL_TO_DECEL=1000
G1 F1658.192
G1 X.323 Y13.482 E.55992
SET_VELOCITY_LIMIT ACCEL=8000 ACCEL_TO_DECEL=4000
G1 X.323 Y12.944 F24000
SET_VELOCITY_LIMIT ACCEL=2000 ACCEL_TO_DECEL=1000
G1 F1658.192
G1 X12.944 Y.323 E.537
SET_VELOCITY_LIMIT ACCEL=8000 ACCEL_TO_DECEL=4000
G1 X12.405 Y.323 F24000
SET_VELOCITY_LIMIT ACCEL=2000 ACCEL_TO_DECEL=1000
G1 F1658.192
G1 X.323 Y12.405 E.51408
SET_VELOCITY_LIMIT ACCEL=8000 ACCEL_TO_DECEL=4000
G1 X.323 Y11.866 F24000
SET_VELOCITY_LIMIT ACCEL=2000 ACCEL_TO_DECEL=1000
G1 F1658.192
G1 X11.866 Y.323 E.49116
SET_VELOCITY_LIMIT ACCEL=8000 ACCEL_TO_DECEL=4000
G1 X11.328 Y.323 F24000
SET_VELOCITY_LIMIT ACCEL=2000 ACCEL_TO_DECEL=1000
G1 F1658.192
G1 X.323 Y11.328 E.46824
SET_VELOCITY_LIMIT ACCEL=8000 ACCEL_TO_DECEL=4000
G1 X.323 Y10.789 F24000
SET_VELOCITY_LIMIT ACCEL=2000 ACCEL_TO_DECEL=1000
G1 F1658.192
G1 X10.789 Y.323 E.44532
SET_VELOCITY_LIMIT ACCEL=8000 ACCEL_TO_DECEL=4000
G1 X10.25 Y.323 F24000
SET_VELOCITY_LIMIT ACCEL=2000 ACCEL_TO_DECEL=1000
G1 F1658.192
G1 X.323 Y10.25 E.4224
SET_VELOCITY_LIMIT ACCEL=8000 ACCEL_TO_DECEL=4000
G1 X.323 Y9.712 F24000
SET_VELOCITY_LIMIT ACCEL=2000 ACCEL_TO_DECEL=1000
G1 F1658.192
G1 X9.712 Y.323 E.39948
SET_VELOCITY_LIMIT ACCEL=8000 ACCEL_TO_DECEL=4000
G1 X9.173 Y.323 F24000
SET_VELOCITY_LIMIT ACCEL=2000 ACCEL_TO_DECEL=1000
G1 F1658.192
G1 X.323 Y9.173 E.37656
SET_VELOCITY_LIMIT ACCEL=8000 ACCEL_TO_DECEL=4000
G1 X.323 Y8.634 F24000
SET_VELOCITY_LIMIT ACCEL=2000 ACCEL_TO_DECEL=1000
G1 F1658.192
G1 X8.634 Y.323 E.35364
SET_VELOCITY_LIMIT ACCEL=8000 ACCEL_TO_DECEL=4000
G1 X8.096 Y.323 F24000
SET_VELOCITY_LIMIT ACCEL=2000 ACCEL_TO_DECEL=1000
G1 F1658.192
G1 X.323 Y8.096 E.33072
SET_VELOCITY_LIMIT ACCEL=8000 ACCEL_TO_DECEL=4000
G1 X.323 Y7.557 F24000
SET_VELOCITY_LIMIT ACCEL=2000 ACCEL_TO_DECEL=1000
G1 F1658.192
G1 X7.557 Y.323 E.30781
SET_VELOCITY_LIMIT ACCEL=8000 ACCEL_TO_DECEL=4000
G1 X7.019 Y.323 F24000
SET_VELOCITY_LIMIT ACCEL=2000 ACCEL_TO_DECEL=1000
G1 F1658.192
G1 X.323 Y7.019 E.28489
SET_VELOCITY_LIMIT ACCEL=8000 ACCEL_TO_DECEL=4000
G1 X.323 Y6.48 F24000
SET_VELOCITY_LIMIT ACCEL=2000 ACCEL_TO_DECEL=1000
G1 F1658.192
G1 X6.48 Y.323 E.26197
SET_VELOCITY_LIMIT ACCEL=8000 ACCEL_TO_DECEL=4000
G1 X5.941 Y.323 F24000
SET_VELOCITY_LIMIT ACCEL=2000 ACCEL_TO_DECEL=1000
G1 F1658.192
G1 X.323 Y5.941 E.23905
SET_VELOCITY_LIMIT ACCEL=8000 ACCEL_TO_DECEL=4000
G1 X.323 Y5.403 F24000
SET_VELOCITY_LIMIT ACCEL=2000 ACCEL_TO_DECEL=1000
G1 F1658.192
G1 X5.403 Y.323 E.21613
SET_VELOCITY_LIMIT ACCEL=8000 ACCEL_TO_DECEL=4000
G1 X4.864 Y.323 F24000
SET_VELOCITY_LIMIT ACCEL=2000 ACCEL_TO_DECEL=1000
G1 F1658.192
G1 X.323 Y4.864 E.19321
SET_VELOCITY_LIMIT ACCEL=8000 ACCEL_TO_DECEL=4000
G1 X.323 Y4.325 F24000
SET_VELOCITY_LIMIT ACCEL=2000 ACCEL_TO_DECEL=1000
G1 F1658.192
G1 X4.325 Y.323 E.17029
SET_VELOCITY_LIMIT ACCEL=8000 ACCEL_TO_DECEL=4000
G1 X3.787 Y.323 F24000
SET_VELOCITY_LIMIT ACCEL=2000 ACCEL_TO_DECEL=1000
G1 F1658.192
G1 X.323 Y3.787 E.14737
SET_VELOCITY_LIMIT ACCEL=8000 ACCEL_TO_DECEL=4000
G1 X.323 Y3.248 F24000
SET_VELOCITY_LIMIT ACCEL=2000 ACCEL_TO_DECEL=1000
G1 F1658.192
G1 X3.248 Y.323 E.12445
SET_VELOCITY_LIMIT ACCEL=8000 ACCEL_TO_DECEL=4000
G1 X2.709 Y.323 F24000
SET_VELOCITY_LIMIT ACCEL=2000 ACCEL_TO_DECEL=1000
G1 F1658.192
G1 X.323 Y2.709 E.10153
SET_VELOCITY_LIMIT ACCEL=8000 ACCEL_TO_DECEL=4000
G1 X.323 Y2.171 F24000
SET_VELOCITY_LIMIT ACCEL=2000 ACCEL_TO_DECEL=1000
G1 F1658.192
G1 X2.171 Y.323 E.07861
SET_VELOCITY_LIMIT ACCEL=8000 ACCEL_TO_DECEL=4000
G1 X1.632 Y.323 F24000
SET_VELOCITY_LIMIT ACCEL=2000 ACCEL_TO_DECEL=1000
G1 F1658.192
G1 X.323 Y1.632 E.05569
SET_VELOCITY_LIMIT ACCEL=8000 ACCEL_TO_DECEL=4000
G1 X.323 Y1.093 F24000
SET_VELOCITY_LIMIT ACCEL=2000 ACCEL_TO_DECEL=1000
G1 F1658.192
G1 X1.093 Y.323 E.03277
G1 E-.8 F2400
;WIPE_START
G1 F1658.192
G1 X.323 Y1.093
;WIPE_END
EXCLUDE_OBJECT_END NAME=f4002d18-e224-45f4-be44-c8ecfbbb1563.stl_id_0_copy_0
M106 S0
;TYPE:Custom
; filament end gcode 
END_PRINT
M73 P100 R0
; EXECUTABLE_BLOCK_END

; filament used [mm] = 1182.24
; filament used [cm3] = 2.84
; total filament used [g] = 0.00
; total filament cost = 0.00
; total layers count = 100
; estimated printing time (normal mode) = 27m 7s
; estimated first layer printing time (normal mode) = 2m 25s

; CONFIG_BLOCK_START
; accel_to_decel_enable = 1
; accel_to_decel_factor = 50%
; activate_air_filtration = 0
; activate_air_filtration_during_print = 1
; activate_air_filtration_on_completion = 1
; activate_chamber_temp_control = 0
; adaptive_bed_mesh_margin = 0
; adaptive_pressure_advance = 0
; adaptive_pressure_advance_bridges = 0
; adaptive_pressure_advance_model = "0,0,0\n0,0,0"
; adaptive_pressure_advance_overhangs = 0
; additional_cooling_fan_speed = 80
; additional_fan_full_speed_layer = 0
; align_infill_direction_to_model = 0
; alternate_extra_wall = 0
; auxiliary_fan = 0
; bbl_calib_mark_logo = 1
; bbl_use_printhost = 0
; bed_custom_model = 
; bed_custom_texture = 
; bed_exclude_area = 0x0
; bed_mesh_max = 99999,99999
; bed_mesh_min = -99999,-99999
; bed_mesh_probe_distance = 50,50
; bed_temperature_formula = by_highest_temp
; before_layer_change_gcode = ;BEFORE_LAYER_CHANGE\n;[layer_z]\nG92 E0\n
; best_object_pos = 0.5,0.5
; bottom_shell_layers = 3
; bottom_shell_thickness = 0
; bottom_solid_infill_flow_ratio = 1
; bottom_surface_density = 100%
; bottom_surface_filament_id = 0
; bottom_surface_pattern = monotonic
; bridge_acceleration = 50%
; bridge_angle = 0
; bridge_density = 100%
; bridge_flow = 1
; bridge_line_width = 100%
; bridge_no_support = 0
; bridge_speed = 25
; brim_ears_detection_length = 1
; brim_ears_max_angle = 125
; brim_flow_ratio = 1
; brim_object_gap = 0.1
; brim_type = auto_brim
; brim_use_efc_outline = 0
; brim_width = 5
; calib_flowrate_topinfill_special_order = 0
; chamber_minimal_temperature = 0
; chamber_temperature = 35
; change_extrusion_role_gcode = 
; change_filament_gcode = G2 Z{z_after_toolchange + 0.4} I0.86 J0.86 P1 F10000 ; spiral lift a little from second lift\nG1 X215 Y110 F30000\nG1 Z{z_after_toolchange} F600
; close_additional_fan_first_x_layers = 1
; close_fan_the_first_x_layers = 1
; combine_brims = 0
; complete_print_exhaust_fan_speed = 80
; cool_plate_temp = 55
; cool_plate_temp_initial_layer = 55
; cooling_tube_length = 0
; cooling_tube_retraction = 0
; counterbore_hole_bridging = none
; curr_bed_type = Cool Plate
; default_acceleration = 8000
; default_filament_colour = ""
; default_filament_profile = "Generic PLA @Ender-3 V4-all"
; default_jerk = 8
; default_junction_deviation = 0
; default_print_profile = 0.20mm Standard @Creality Ender-3 V4 0.4 nozzle
; deretraction_speed = 40
; detect_narrow_internal_solid_infill = 1
; detect_overhang_wall = 1
; detect_thin_wall = 0
; different_settings_to_system = ;;
; disable_m73 = 0
; dont_filter_internal_bridges = disabled
; dont_slow_down_outer_wall = 0
; draft_shield = disabled
; during_print_exhaust_fan_speed = 60
; elefant_foot_compensation = 0.15
; elefant_foot_compensation_layers = 1
; elefant_foot_layers_density = 100%
; emit_machine_limits_to_gcode = 1
; enable_arc_fitting = 1
; enable_extra_bridge_layer = disabled
; enable_filament_ramming = 0
; enable_long_retraction_when_cut = 0
; enable_overhang_bridge_fan = 1
; enable_overhang_speed = 1
; enable_power_loss_recovery = printer_configuration
; enable_pressure_advance = 0
; enable_prime_tower = 0
; enable_support = 0
; enable_tower_interface_cooldown_during_tower = 0
; enable_tower_interface_features = 0
; enable_wrapping_detection = 0
; enforce_support_layers = 0
; eng_plate_temp = 50
; eng_plate_temp_initial_layer = 50
; ensure_vertical_shell_thickness = ensure_all
; exclude_object = 1
; extra_loading_move = 0
; extra_perimeters_on_overhangs = 0
; extra_solid_infills = 
; extruder_ams_count = 
; extruder_clearance_height_to_lid = 235
; extruder_clearance_height_to_rod = 35
; extruder_clearance_radius = 78
; extruder_colour = #F2754E
; extruder_offset = 0x0
; extruder_printable_area = 
; extruder_printable_height = 0
; extruder_type = Direct Drive
; extrusion_rate_smoothing_external_perimeter_only = 0
; fan_cooling_layer_time = 60
; fan_kickstart = 0
; fan_max_speed = 100
; fan_min_speed = 20
; fan_speedup_overhangs = 1
; fan_speedup_time = 0
; filament_adaptive_volumetric_speed = 0
; filament_adhesiveness_category = 0
; filament_change_extrusion_role_gcode = ""
; filament_change_length = 10
; filament_colour = #F2754E
; filament_cooling_before_tower = 10
; filament_cooling_final_speed = 3.4
; filament_cooling_initial_speed = 2.2
; filament_cooling_moves = 4
; filament_cost = 0
; filament_density = 0
; filament_diameter = 1.75
; filament_end_gcode = "; filament end gcode \n"
; filament_extruder_variant = "Direct Drive Standard"
; filament_flow_ratio = 0.95
; filament_flush_temp = 0
; filament_flush_volumetric_speed = 0
; filament_ids = 00001
; filament_is_support = 0
; filament_loading_speed = 28
; filament_loading_speed_start = 3
; filament_map = 1
; filament_map_mode = Auto For Flush
; filament_max_volumetric_speed = 2
; filament_minimal_purge_on_wipe_tower = 15
; filament_multitool_ramming = 0
; filament_multitool_ramming_flow = 10
; filament_multitool_ramming_volume = 10
; filament_notes = ""
; filament_printable = 3
; filament_ramming_parameters = "120 100 6.6 6.8 7.2 7.6 7.9 8.2 8.7 9.4 9.9 10.0| 0.05 6.6 0.45 6.8 0.95 7.8 1.45 8.3 1.95 9.7 2.45 10 2.95 7.6 3.45 7.6 3.95 7.6 4.45 7.6 4.95 7.6"
; filament_self_index = 1
; filament_settings_id = "Generic PLA @Ender-3 V4-all"
; filament_shrink = 100%
; filament_shrinkage_compensation_z = 100%
; filament_soluble = 0
; filament_stamping_distance = 0
; filament_stamping_loading_speed = 0
; filament_start_gcode = "; filament start gcode\n{if (layer_z > first_layer_height) }\nM104 S[nozzle_temperature]\n{else} \nM104 S[first_layer_temperature]\n{endif}\n"
; filament_toolchange_delay = 0
; filament_tower_interface_pre_extrusion_dist = 10
; filament_tower_interface_pre_extrusion_length = 0
; filament_tower_interface_print_temp = -1
; filament_tower_interface_purge_volume = 20
; filament_tower_ironing_area = 4
; filament_type = PLA
; filament_unloading_speed = 90
; filament_unloading_speed_start = 100
; filament_vendor = Generic
; file_start_gcode = 
; filename_format = {input_filename_base}_{filament_type[initial_tool]}_{print_time}.gcode
; fill_multiline = 1
; filter_out_gap_fill = 0
; first_layer_flow_ratio = 1
; first_layer_print_sequence = 0
; first_x_layer_fan_speed = 0
; flush_into_infill = 0
; flush_into_objects = 0
; flush_into_support = 1
; flush_multiplier = 0.3
; flush_volumes_matrix = 0,280,280,280,280,0,280,280,280,280,0,280,280,280,280,0
; flush_volumes_vector = 140,140,140,140,140,140,140,140
; full_fan_speed_layer = 0
; fuzzy_skin = none
; fuzzy_skin_first_layer = 0
; fuzzy_skin_layers_between_ripple_offset = 1
; fuzzy_skin_mode = displacement
; fuzzy_skin_noise_type = classic
; fuzzy_skin_octaves = 4
; fuzzy_skin_persistence = 0.5
; fuzzy_skin_point_distance = 0.8
; fuzzy_skin_ripple_offset = 50%
; fuzzy_skin_ripples_per_layer = 15
; fuzzy_skin_scale = 1
; fuzzy_skin_thickness = 0.3
; gap_fill_flow_ratio = 1
; gap_fill_target = everywhere
; gap_infill_speed = 200
; gcode_add_line_number = 0
; gcode_comments = 0
; gcode_flavor = klipper
; gcode_label_objects = 0
; grab_length = 0
; gyroid_optimized = 0
; has_scarf_joint_seam = 0
; head_wrap_detect_zone = 
; high_current_on_filament_swap = 0
; hole_to_polyhole = 0
; hole_to_polyhole_threshold = 0.01
; hole_to_polyhole_twisted = 1
; host_type = octoprint
; hot_plate_temp = 45
; hot_plate_temp_initial_layer = 45
; idle_temperature = 0
; independent_support_layer_height = 1
; infill_anchor = 400%
; infill_anchor_max = 20
; infill_combination = 0
; infill_combination_max_layer_height = 100%
; infill_direction = 45
; infill_jerk = 8
; infill_lock_depth = 1
; infill_overhang_angle = 60
; infill_shift_step = 0.4
; infill_wall_overlap = 15%
; inherits_group = ;;
; initial_layer_acceleration = 1000
; initial_layer_infill_speed = 105
; initial_layer_jerk = 8
; initial_layer_line_width = 0.5
; initial_layer_min_bead_width = 85%
; initial_layer_print_height = 0.2
; initial_layer_speed = 60
; initial_layer_travel_acceleration = 100%
; initial_layer_travel_jerk = 100%
; initial_layer_travel_speed = 100%
; inner_wall_acceleration = 2000
; inner_wall_filament_id = 0
; inner_wall_flow_ratio = 1
; inner_wall_jerk = 6
; inner_wall_line_width = 0.45
; inner_wall_speed = 300
; input_shaping_damp_x = 0.1
; input_shaping_damp_y = 0.1
; input_shaping_emit = 0
; input_shaping_freq_x = 0
; input_shaping_freq_y = 0
; input_shaping_type = Default
; interface_shells = 0
; interlocking_beam = 0
; interlocking_beam_layer_count = 2
; interlocking_beam_width = 0.8
; interlocking_boundary_avoidance = 2
; interlocking_depth = 2
; interlocking_orientation = 22.5
; internal_bridge_angle = 0
; internal_bridge_density = 100%
; internal_bridge_fan_speed = -1
; internal_bridge_flow = 1
; internal_bridge_speed = 70
; internal_solid_filament_id = 0
; internal_solid_infill_acceleration = 100%
; internal_solid_infill_flow_ratio = 1
; internal_solid_infill_line_width = 0.42
; internal_solid_infill_pattern = monotonic
; internal_solid_infill_speed = 250
; ironing_angle = 0
; ironing_angle_fixed = 0
; ironing_fan_speed = -1
; ironing_flow = 10%
; ironing_inset = 0
; ironing_pattern = rectilinear
; ironing_spacing = 0.15
; ironing_speed = 100
; ironing_type = no ironing
; is_infill_first = 0
; lateral_lattice_angle_1 = -45
; lateral_lattice_angle_2 = 45
; layer_change_gcode = 
; layer_height = 0.2
; lightning_overhang_angle = 45
; lightning_prune_angle = 45
; lightning_straightening_angle = 45
; line_width = 0.42
; long_retractions_when_cut = 0
; long_retractions_when_ec = 0
; machine_end_gcode = END_PRINT
; machine_load_filament_time = 126
; machine_max_acceleration_e = 2400
; machine_max_acceleration_extruding = 12000
; machine_max_acceleration_retracting = 2400
; machine_max_acceleration_travel = 12000
; machine_max_acceleration_x = 12000
; machine_max_acceleration_y = 12000
; machine_max_acceleration_z = 1000
; machine_max_jerk_e = 10
; machine_max_jerk_x = 100
; machine_max_jerk_y = 100
; machine_max_jerk_z = 5
; machine_max_junction_deviation = 0.01
; machine_max_speed_e = 40
; machine_max_speed_x = 500
; machine_max_speed_y = 500
; machine_max_speed_z = 20
; machine_min_extruding_rate = 0,0
; machine_min_travel_rate = 0,0
; machine_pause_gcode = PAUSE
; machine_start_gcode = M140 S0\nM104 S0 \nSTART_PRINT EXTRUDER_TEMP=[nozzle_temperature_initial_layer] BED_TEMP=[bed_temperature_initial_layer_single]\nT[initial_no_support_extruder]\nM104 S[nozzle_temperature_initial_layer]\nM204 S2000\nG1 Z3 F600\nM83\nG1 X20 Y-1 F30000\nG1 Z0.3 F1200\nG1 X100 E10  F{filament_max_volumetric_speed[initial_extruder]/0.3*60}\nG1 X105 E.3742  F{outer_wall_volumetric_speed/(0.3*0.5)/4*60}\nG1 X110 E.3742  F{outer_wall_volumetric_speed/(0.3*0.5)*60}\nG1 X115 E.3742  F{outer_wall_volumetric_speed/(0.3*0.5)/4*60}\nG1 X120 E.3742  F{outer_wall_volumetric_speed/(0.3*0.5)*60}\nG1 X125 E.3742  F{outer_wall_volumetric_speed/(0.3*0.5)/4*60}\nG91\nG1 X1 Z-0.300\nG1 X4\nG92 E0\nG1 Z1 F1200
; machine_tool_change_time = 0
; machine_unload_filament_time = 0
; make_overhang_printable = 0
; make_overhang_printable_angle = 55
; make_overhang_printable_hole_size = 0
; manual_filament_change = 0
; master_extruder_id = 1
; max_bridge_length = 10
; max_layer_height = 0.32
; max_resonance_avoidance_speed = 120
; max_travel_detour_distance = 0
; max_volumetric_extrusion_rate_slope = 0
; max_volumetric_extrusion_rate_slope_segment_length = 3
; min_bead_width = 85%
; min_feature_size = 95%
; min_layer_height = 0.08
; min_length_factor = 0.5
; min_resonance_avoidance_speed = 70
; min_skirt_length = 0
; min_width_top_surface = 300%
; minimum_sparse_infill_area = 15
; mmu_segmented_region_interlocking_depth = 0
; mmu_segmented_region_max_width = 0
; notes = 
; nozzle_diameter = 0.4
; nozzle_flush_dataset = 0
; nozzle_height = 2.5
; nozzle_hrc = 0
; nozzle_temperature = 200
; nozzle_temperature_initial_layer = 200
; nozzle_temperature_range_high = 240
; nozzle_temperature_range_low = 190
; nozzle_type = hardened_steel
; nozzle_volume = 165
; nozzle_volume_type = Standard
; only_one_wall_first_layer = 0
; only_one_wall_top = 1
; ooze_prevention = 0
; other_layers_print_sequence = 0
; other_layers_print_sequence_nums = 0
; outer_wall_acceleration = 2000
; outer_wall_filament_id = 0
; outer_wall_flow_ratio = 1
; outer_wall_jerk = 6
; outer_wall_line_width = 0.42
; outer_wall_speed = 200
; overhang_1_4_speed = 0
; overhang_2_4_speed = 30
; overhang_3_4_speed = 20
; overhang_4_4_speed = 10
; overhang_fan_speed = 100
; overhang_fan_threshold = 95%
; overhang_flow_ratio = 1
; overhang_reverse = 0
; overhang_reverse_internal_only = 0
; overhang_reverse_threshold = 50%
; parallel_printheads_bed_exclude_areas = 
; parallel_printheads_count = 1
; parking_pos_retraction = 0
; part_cooling_fan_min_pwm = 0
; physical_extruder_map = 0
; post_process = 
; precise_outer_wall = 0
; precise_z_height = 0
; preferred_orientation = 0
; preheat_steps = 1
; preheat_time = 30
; pressure_advance = 0.04
; prime_tower_brim_width = 3
; prime_tower_enable_framework = 0
; prime_tower_flat_ironing = 0
; prime_tower_infill_gap = 150%
; prime_tower_skip_points = 1
; prime_tower_width = 60
; prime_volume = 45
; print_compatible_printers = "Creality Ender-3 V4 0.4 nozzle"
; print_extruder_id = 1
; print_extruder_variant = "Direct Drive Standard"
; print_flow_ratio = 1
; print_order = default
; print_sequence = by layer
; print_settings_id = 0.20mm Standard @Creality Ender-3 V4 0.4 nozzle
; printable_area = 0x0,220x0,220x220,0x220
; printable_height = 235
; printer_extruder_id = 1
; printer_extruder_variant = "Direct Drive Standard"
; printer_model = Creality Ender-3 V4
; printer_notes = 
; printer_settings_id = Creality Ender-3 V4 0.4 nozzle
; printer_structure = undefine
; printer_technology = FFF
; printer_variant = 0.4
; printhost_authorization_type = key
; printhost_ssl_ignore_revoke = 0
; printing_by_object_gcode = 
; process_change_extrusion_role_gcode = 
; purge_in_prime_tower = 0
; raft_contact_distance = 0.1
; raft_expansion = 1.5
; raft_first_layer_density = 90%
; raft_first_layer_expansion = 2
; raft_layers = 0
; reduce_crossing_wall = 0
; reduce_fan_stop_start_freq = 0
; reduce_infill_retraction = 1
; relative_bridge_angle = 0
; required_nozzle_HRC = 0
; resolution = 0.012
; resonance_avoidance = 0
; retract_before_wipe = 100%
; retract_length_toolchange = 0
; retract_lift_above = 0
; retract_lift_below = 234
; retract_lift_enforce = All Surfaces
; retract_restart_extra = 0
; retract_restart_extra_toolchange = 0
; retract_when_changing_layer = 1
; retraction_distances_when_cut = 18
; retraction_distances_when_ec = 10
; retraction_length = 0.8
; retraction_minimum_travel = 2
; retraction_speed = 40
; role_based_wipe_speed = 1
; scan_first_layer = 0
; scarf_angle_threshold = 155
; scarf_joint_flow_ratio = 1
; scarf_joint_speed = 100%
; scarf_overhang_threshold = 40%
; seam_gap = 10%
; seam_position = aligned
; seam_slope_conditional = 0
; seam_slope_entire_loop = 0
; seam_slope_inner_walls = 0
; seam_slope_min_length = 20
; seam_slope_start_height = 0
; seam_slope_steps = 10
; seam_slope_type = none
; set_other_flow_ratios = 0
; silent_mode = 0
; single_extruder_multi_material = 1
; single_extruder_multi_material_priming = 0
; single_loop_draft_shield = 0
; skeleton_infill_density = 25%
; skeleton_infill_line_width = 100%
; skin_infill_density = 25%
; skin_infill_depth = 2
; skin_infill_line_width = 100%
; skirt_distance = 2
; skirt_height = 1
; skirt_loops = 0
; skirt_speed = 50
; skirt_start_angle = -135
; skirt_type = combined
; slice_closing_radius = 0.049
; slicing_mode = regular
; slow_down_for_layer_cooling = 1
; slow_down_layer_time = 12
; slow_down_layers = 0
; slow_down_min_speed = 20
; slowdown_for_curled_perimeters = 0
; small_area_infill_flow_compensation = 0
; small_area_infill_flow_compensation_model = 0,0;"\n0.2,0.4444";"\n0.4,0.6145";"\n0.6,0.7059";"\n0.8,0.7619";"\n1.5,0.8571";"\n2,0.8889";"\n3,0.9231";"\n5,0.9520";"\n10,1"
; small_perimeter_speed = 50%
; small_perimeter_threshold = 0
; solid_infill_direction = 45
; solid_infill_rotate_template = 
; sparse_infill_acceleration = 100%
; sparse_infill_density = 15%
; sparse_infill_filament_id = 0
; sparse_infill_flow_ratio = 1
; sparse_infill_line_width = 0.45
; sparse_infill_pattern = grid
; sparse_infill_rotate_template = 
; sparse_infill_speed = 250
; spiral_finishing_flow_ratio = 0
; spiral_mode = 0
; spiral_mode_max_xy_smoothing = 200%
; spiral_mode_smooth = 0
; spiral_starting_flow_ratio = 0
; staggered_inner_seams = 1
; standby_temperature_delta = -5
; start_end_points = 30x-3,54x245
; supertack_plate_temp = 35
; supertack_plate_temp_initial_layer = 35
; support_air_filtration = 0
; support_angle = 0
; support_base_pattern = rectilinear
; support_base_pattern_spacing = 2.5
; support_bottom_interface_spacing = 0.5
; support_bottom_z_distance = 0.2
; support_chamber_temp_control = 0
; support_critical_regions_only = 0
; support_expansion = 0
; support_filament = 0
; support_flow_ratio = 1
; support_interface_bottom_layers = 2
; support_interface_filament = 0
; support_interface_flow_ratio = 1
; support_interface_loop_pattern = 0
; support_interface_not_for_body = 1
; support_interface_pattern = auto
; support_interface_spacing = 0.5
; support_interface_speed = 80
; support_interface_top_layers = 2
; support_ironing = 0
; support_ironing_flow = 10%
; support_ironing_pattern = rectilinear
; support_ironing_spacing = 0.1
; support_line_width = 0.42
; support_material_interface_fan_speed = -1
; support_multi_bed_types = 1
; support_object_first_layer_gap = 0.2
; support_object_skip_flush = 0
; support_object_xy_distance = 0.35
; support_on_build_plate_only = 0
; support_parallel_printheads = 0
; support_remove_small_overhang = 1
; support_speed = 150
; support_style = default
; support_threshold_angle = 30
; support_threshold_overlap = 50%
; support_top_z_distance = 0.2
; support_type = normal(auto)
; symmetric_infill_y_axis = 0
; temperature_vitrification = 100
; template_custom_gcode = 
; textured_cool_plate_temp = 40
; textured_cool_plate_temp_initial_layer = 40
; textured_plate_temp = 45
; textured_plate_temp_initial_layer = 45
; thick_bridges = 0
; thick_internal_bridges = 1
; thumbnails = 96x96/PNG, 300x300/PNG
; thumbnails_format = PNG
; time_cost = 0
; time_lapse_gcode = 
; timelapse_type = 0
; tool_change_on_wipe_tower = 0
; top_bottom_infill_wall_overlap = 25%
; top_shell_layers = 5
; top_shell_thickness = 1
; top_solid_infill_flow_ratio = 1
; top_surface_acceleration = 2000
; top_surface_density = 100%
; top_surface_filament_id = 0
; top_surface_jerk = 8
; top_surface_line_width = 0.42
; top_surface_pattern = monotonicline
; top_surface_speed = 200
; travel_acceleration = 8000
; travel_jerk = 8
; travel_slope = 3
; travel_speed = 400
; travel_speed_z = 0
; tree_support_angle_slow = 25
; tree_support_auto_brim = 1
; tree_support_branch_angle = 45
; tree_support_branch_angle_organic = 40
; tree_support_branch_diameter = 2
; tree_support_branch_diameter_angle = 5
; tree_support_branch_diameter_organic = 2
; tree_support_branch_distance = 5
; tree_support_branch_distance_organic = 1
; tree_support_brim_width = 3
; tree_support_tip_diameter = 0.8
; tree_support_top_rate = 30%
; tree_support_wall_count = 0
; use_3mf = 0
; use_firmware_retraction = 0
; use_relative_e_distances = 1
; volumetric_speed_coefficients = ""
; wall_direction = ccw
; wall_distribution_count = 1
; wall_generator = classic
; wall_loops = 2
; wall_maximum_deviation = 0.025
; wall_maximum_resolution = 0.5
; wall_sequence = inner wall/outer wall
; wall_transition_angle = 10
; wall_transition_filter_deviation = 25%
; wall_transition_length = 100%
; wipe = 1
; wipe_before_external_loop = 0
; wipe_distance = 2
; wipe_on_loops = 0
; wipe_speed = 80%
; wipe_tower_bridging = 10
; wipe_tower_cone_angle = 0
; wipe_tower_extra_flow = 100%
; wipe_tower_extra_rib_length = 0
; wipe_tower_extra_spacing = 100%
; wipe_tower_filament = 0
; wipe_tower_fillet_wall = 1
; wipe_tower_max_purge_speed = 90
; wipe_tower_no_sparse_layers = 0
; wipe_tower_rib_width = 8
; wipe_tower_rotation_angle = 90
; wipe_tower_type = type2
; wipe_tower_wall_type = rib
; wipe_tower_x = 15.000
; wipe_tower_x = 15
; wipe_tower_y = 220.000
; wipe_tower_y = 220
; wiping_volumes_extruders = 70,70,70,70,70,70,70,70,70,70
; wrapping_detection_gcode = 
; wrapping_detection_layers = 20
; wrapping_exclude_area = 
; xy_contour_compensation = 0
; xy_hole_compensation = 0
; z_hop = 0.4
; z_hop_types = Slope Lift
; z_offset = 0
; zaa_dont_alternate_fill_direction = 0
; zaa_enabled = 0
; zaa_min_z = 0.05
; zaa_minimize_perimeter_height = 35
; first_layer_bed_temperature = 55
; bed_shape = 0x0,220x0,220x220,0x220
; first_layer_temperature = 200
; first_layer_height = 0.200
; CONFIG_BLOCK_END


